기준일,공정,제품도번,사출도번,차종,색상,고객사,수요ID,수주수량,수주일,출하납기,착수목표일,완료납기일,작업시간h,여유일,필요량,앞공정재고,상태,막힌공정,필요리드타임일,확보기간일,납기판정,일생산능력,금일가능수량,대기수량
2026-05-18,도장,P-3025,INJ-222,V5,실버,E사,D0066,100,2026-05-12,2026-05-18,2026-05-13,2026-05-15,0.5,-5,100,21,부분 진행,지그삽입,7,6,납기 부족(불가),54,21,79
2026-05-18,도장,P-3011,INJ-201,V1,레드,C사,D0027,100,2026-05-12,2026-05-19,2026-05-14,2026-05-16,0.5,-4,100,37,부분 진행,지그삽입,7,7,빠듯,80,37,63
2026-05-18,도장,P-3017,INJ-212,V1,화이트,B사,D0046,100,2026-05-09,2026-05-19,2026-05-15,2026-05-16,0.7,-3,100,10,부분 진행,지그삽입,6,10,여유,144,10,90
2026-05-18,도장,P-3018,INJ-208,V4,화이트,C사,D0048,100,2026-05-06,2026-05-19,2026-05-15,2026-05-16,0.6,-3,100,18,부분 진행,지그삽입,6,13,여유,528,18,82
2026-05-18,도장,P-3012,INJ-223,V1,레드,A사,D0030,100,2026-05-14,2026-05-20,2026-05-16,2026-05-17,0.5,-2,100,46,부분 진행,지그삽입,6,6,빠듯,462,46,54
2026-05-18,도장,P-3015,INJ-220,V3,화이트,B사,D0039,100,2026-05-13,2026-05-20,2026-05-15,2026-05-17,0.7,-3,100,21,부분 진행,지그삽입,7,7,빠듯,96,21,79
2026-05-18,도장,P-3032,INJ-224,V6,블랙,E사,D0088,100,2026-05-14,2026-05-20,2026-05-16,2026-05-17,0.5,-2,100,9,부분 진행,지그삽입,6,6,빠듯,360,9,91
2026-05-18,도장,P-3008,INJ-214,V5,화이트,E사,D0020,100,2026-05-09,2026-05-21,2026-05-17,2026-05-18,0.6,-1,100,12,부분 진행,지그삽입,6,12,여유,180,12,88
2026-05-18,도장,P-3022,INJ-219,V5,블루,A사,D0061,100,2026-05-06,2026-05-21,2026-05-17,2026-05-18,0.6,-1,100,18,부분 진행,지그삽입,6,15,여유,288,18,82
2026-05-18,도장,P-3003,INJ-204,V5,실버,E사,D0006,100,2026-05-16,2026-05-22,2026-05-18,2026-05-19,0.6,0,100,23,부분 진행,지그삽입,6,6,빠듯,560,23,77
2026-05-18,도장,P-3026,INJ-205,V1,실버,A사,D0070,100,2026-05-16,2026-05-22,2026-05-17,2026-05-19,0.7,-1,100,8,부분 진행,지그삽입,7,6,납기 부족(불가),84,8,92
2026-05-18,도장,P-3017,INJ-212,V1,화이트,B사,D0045,100,2026-05-13,2026-05-20,2026-05-16,2026-05-17,0.7,-2,100,0,앞공정 미완료 대기,지그삽입,6,7,빠듯,144,0,100
2026-05-18,도장,P-3008,INJ-214,V5,화이트,E사,D0022,100,2026-05-05,2026-05-21,2026-05-17,2026-05-18,0.6,-1,100,0,앞공정 미완료 대기,지그삽입,6,16,여유,180,0,100
2026-05-18,도장,P-3019,INJ-215,V1,화이트,A사,D0052,100,2026-05-13,2026-05-21,2026-05-17,2026-05-18,0.6,-1,100,0,앞공정 미완료 대기,지그삽입,6,8,빠듯,200,0,100
2026-05-18,도장,P-3025,INJ-222,V5,실버,E사,D0067,100,2026-05-13,2026-05-22,2026-05-17,2026-05-19,0.5,-1,100,0,앞공정 미완료 대기,지그삽입,7,9,빠듯,54,0,100
2026-05-18,도장,P-3026,INJ-205,V1,실버,A사,D0072,100,2026-05-09,2026-05-22,2026-05-17,2026-05-19,0.7,-1,100,0,앞공정 미완료 대기,지그삽입,7,13,여유,84,0,100
2026-05-18,도장,P-3014,INJ-217,V2,실버,E사,D0036,100,2026-05-21,2026-05-25,2026-05-21,2026-05-22,0.7,3,100,0,여유,,6,4,납기 부족(불가),240,0,100
2026-05-18,도장,P-3028,INJ-202,V1,블루,E사,D0078,100,2026-05-08,2026-05-25,2026-05-21,2026-05-22,0.6,3,100,8,여유,,6,17,여유,225,0,100
2026-05-18,도장,P-3029,INJ-205,V1,실버,A사,D0079,100,2026-05-13,2026-05-25,2026-05-21,2026-05-22,0.7,3,100,7,여유,,6,12,여유,378,0,100
2026-05-18,도장,P-3001,INJ-208,V6,실버,A사,D0002,179,2026-05-15,2026-05-26,2026-05-22,2026-05-23,1.2,4,179,164,여유,,6,11,여유,192,0,179
2026-05-18,도장,P-3005,INJ-206,V2,화이트,B사,D0013,100,2026-05-09,2026-05-26,2026-05-22,2026-05-23,0.7,4,100,69,여유,,6,17,여유,270,0,100
2026-05-18,도장,P-3007,INJ-213,V1,블루,A사,D0018,100,2026-05-11,2026-05-26,2026-05-22,2026-05-23,0.6,4,100,43,여유,,6,15,여유,420,0,100
2026-05-18,도장,P-3020,INJ-210,V3,블루,B사,D0054,100,2026-05-11,2026-05-26,2026-05-22,2026-05-23,0.5,4,100,7,여유,,6,15,여유,660,0,100
2026-05-18,도장,P-3021,INJ-205,V2,블랙,D사,D0059,100,2026-05-14,2026-05-26,2026-05-22,2026-05-23,0.6,4,100,14,여유,,6,12,여유,308,0,100
2026-05-18,도장,P-3006,INJ-212,V4,블랙,E사,D0014,100,2026-05-16,2026-05-27,2026-05-23,2026-05-24,0.6,5,100,50,여유,,6,11,여유,240,0,100
2026-05-18,도장,P-3014,INJ-217,V2,실버,E사,D0035,100,2026-05-21,2026-05-27,2026-05-23,2026-05-24,0.7,5,100,0,여유,,6,6,빠듯,240,0,100
2026-05-18,도장,P-3018,INJ-208,V4,화이트,C사,D0049,100,2026-05-11,2026-05-27,2026-05-23,2026-05-24,0.6,5,100,0,여유,,6,16,여유,528,0,100
2026-05-18,도장,P-3028,INJ-202,V1,블루,E사,D0077,100,2026-05-12,2026-05-27,2026-05-23,2026-05-24,0.6,5,100,8,여유,,6,15,여유,225,0,100
2026-05-18,도장,P-3030,INJ-202,V5,화이트,C사,D0084,100,2026-05-17,2026-05-27,2026-05-23,2026-05-24,0.5,5,100,11,여유,,6,10,여유,672,0,100
2026-05-18,도장,P-3032,INJ-224,V6,블랙,E사,D0089,100,2026-05-10,2026-05-27,2026-05-23,2026-05-24,0.5,5,100,0,여유,,6,17,여유,360,0,100
2026-05-18,도장,P-3004,INJ-220,V6,블루,A사,D0009,111,2026-05-18,2026-05-28,2026-05-24,2026-05-25,0.7,6,111,45,여유,,6,10,여유,160,0,111
2026-05-18,도장,P-3028,INJ-202,V1,블루,E사,D0075,100,2026-05-14,2026-05-29,2026-05-25,2026-05-26,0.6,7,100,8,여유,,6,15,여유,225,0,100
2026-05-18,도장,P-3002,INJ-201,V5,화이트,E사,D0004,129,2026-05-27,2026-06-01,2026-05-28,2026-05-29,0.9,10,129,52,여유,,6,5,납기 부족(불가),315,0,129
2026-05-18,도장,P-3032,INJ-224,V6,블랙,E사,D0090,100,2026-05-24,2026-06-01,2026-05-28,2026-05-29,0.5,10,100,0,여유,,6,8,빠듯,360,0,100
2026-05-18,도장,P-3001,INJ-208,V6,실버,A사,D0001,174,2026-05-16,2026-06-02,2026-05-29,2026-05-30,1.1,11,174,164,여유,,6,17,여유,192,0,174
2026-05-18,도장,P-3018,INJ-208,V4,화이트,C사,D0047,100,2026-05-18,2026-06-02,2026-05-29,2026-05-30,0.6,11,100,0,여유,,6,15,여유,528,0,100
2026-05-18,도장,P-3020,INJ-210,V3,블루,B사,D0056,100,2026-05-16,2026-06-02,2026-05-29,2026-05-30,0.5,11,100,7,여유,,6,17,여유,660,0,100
2026-05-18,도장,P-3026,INJ-205,V1,실버,A사,D0069,100,2026-05-20,2026-06-02,2026-05-28,2026-05-30,0.7,10,100,0,여유,,7,13,여유,84,0,100
2026-05-18,도장,P-3030,INJ-202,V5,화이트,C사,D0083,100,2026-05-27,2026-06-02,2026-05-29,2026-05-30,0.5,11,100,11,여유,,6,6,빠듯,672,0,100
2026-05-18,도장,P-3034,INJ-203,V4,실버,A사,D0094,100,2026-05-26,2026-06-02,2026-05-29,2026-05-30,0.5,11,100,8,여유,,6,7,빠듯,280,0,100
2026-05-18,도장,P-3007,INJ-213,V1,블루,A사,D0016,100,2026-05-17,2026-06-03,2026-05-30,2026-05-31,0.6,12,100,43,여유,,6,17,여유,420,0,100
2026-05-18,도장,P-3012,INJ-223,V1,레드,A사,D0032,100,2026-05-18,2026-06-03,2026-05-30,2026-05-31,0.5,12,100,0,여유,,6,16,여유,462,0,100
2026-05-18,도장,P-3029,INJ-205,V1,실버,A사,D0080,100,2026-05-26,2026-06-03,2026-05-30,2026-05-31,0.7,12,100,7,여유,,6,8,빠듯,378,0,100
2026-05-18,도장,P-3031,INJ-217,V6,화이트,E사,D0086,100,2026-05-28,2026-06-03,2026-05-30,2026-05-31,0.5,12,100,10,여유,,6,6,빠듯,324,0,100
2026-05-18,도장,P-3006,INJ-212,V4,블랙,E사,D0015,100,2026-05-18,2026-06-04,2026-05-31,2026-06-01,0.6,13,100,50,여유,,6,17,여유,240,0,100
2026-05-18,도장,P-3024,INJ-220,V4,화이트,E사,D0065,100,2026-05-20,2026-06-04,2026-05-31,2026-06-01,0.6,13,100,12,여유,,6,15,여유,198,0,100
2026-05-18,도장,P-3035,INJ-205,V1,화이트,C사,D0097,100,2026-05-29,2026-06-04,2026-05-31,2026-06-01,0.7,13,100,4,여유,,6,6,빠듯,504,0,100
2026-05-18,도장,P-3016,INJ-209,V2,실버,E사,D0041,100,2026-05-30,2026-06-05,2026-06-01,2026-06-02,0.5,14,100,37,여유,,6,6,빠듯,108,0,100
2026-05-18,도장,P-3022,INJ-219,V5,블루,A사,D0060,100,2026-06-04,2026-06-08,2026-06-04,2026-06-05,0.6,17,100,0,여유,,6,4,납기 부족(불가),288,0,100
2026-05-18,도장,P-3026,INJ-205,V1,실버,A사,D0071,100,2026-05-23,2026-06-08,2026-06-03,2026-06-05,0.7,16,100,0,여유,,7,16,여유,84,0,100
2026-05-18,도장,P-3012,INJ-223,V1,레드,A사,D0029,100,2026-06-04,2026-06-09,2026-06-05,2026-06-06,0.5,18,100,0,여유,,6,5,납기 부족(불가),462,0,100
2026-05-18,도장,P-3012,INJ-223,V1,레드,A사,D0031,100,2026-05-25,2026-06-09,2026-06-05,2026-06-06,0.5,18,100,0,여유,,6,15,여유,462,0,100
2026-05-18,도장,P-3021,INJ-205,V2,블랙,D사,D0057,100,2026-05-25,2026-06-09,2026-06-05,2026-06-06,0.6,18,100,14,여유,,6,15,여유,308,0,100
2026-05-18,도장,P-3019,INJ-215,V1,화이트,A사,D0050,100,2026-05-25,2026-06-10,2026-06-06,2026-06-07,0.6,19,100,0,여유,,6,16,여유,200,0,100
2026-05-18,도장,P-3023,INJ-214,V1,화이트,E사,D0062,100,2026-06-04,2026-06-10,2026-06-05,2026-06-07,0.5,18,100,12,여유,,7,6,납기 부족(불가),72,0,100
2026-05-18,도장,P-3031,INJ-217,V6,화이트,E사,D0085,100,2026-06-04,2026-06-10,2026-06-06,2026-06-07,0.5,19,100,10,여유,,6,6,빠듯,324,0,100
2026-05-18,도장,P-3021,INJ-205,V2,블랙,D사,D0058,100,2026-06-08,2026-06-12,2026-06-08,2026-06-09,0.6,21,100,14,여유,,6,4,납기 부족(불가),308,0,100
2026-05-18,도장,P-3003,INJ-204,V5,실버,E사,D0008,100,2026-05-31,2026-06-15,2026-06-11,2026-06-12,0.6,24,100,0,여유,,6,15,여유,560,0,100
2026-05-18,도장,P-3035,INJ-205,V1,화이트,C사,D0098,100,2026-06-04,2026-06-15,2026-06-11,2026-06-12,0.7,24,100,4,여유,,6,11,여유,504,0,100
2026-05-18,도장,P-3003,INJ-204,V5,실버,E사,D0007,100,2026-06-07,2026-06-16,2026-06-12,2026-06-13,0.6,25,100,0,여유,,6,9,여유,560,0,100
2026-05-18,도장,P-3004,INJ-220,V6,블루,A사,D0010,106,2026-06-09,2026-06-16,2026-06-12,2026-06-13,0.7,25,106,45,여유,,6,7,빠듯,160,0,106
2026-05-18,도장,P-3025,INJ-222,V5,실버,E사,D0068,100,2026-06-04,2026-06-16,2026-06-11,2026-06-13,0.5,24,100,0,여유,,7,12,여유,54,0,100
2026-05-18,도장,P-3033,INJ-206,V5,블랙,A사,D0092,100,2026-06-09,2026-06-16,2026-06-12,2026-06-13,0.5,25,100,9,여유,,6,7,빠듯,400,0,100
2026-05-18,도장,P-3007,INJ-213,V1,블루,A사,D0019,100,2026-05-31,2026-06-17,2026-06-13,2026-06-14,0.6,26,100,43,여유,,6,17,여유,420,0,100
2026-05-18,도장,P-3029,INJ-205,V1,실버,A사,D0082,100,2026-06-01,2026-06-17,2026-06-13,2026-06-14,0.7,26,100,7,여유,,6,16,여유,378,0,100
2026-05-18,도장,P-3010,INJ-222,V5,화이트,E사,D0025,100,2026-06-05,2026-06-18,2026-06-14,2026-06-15,0.5,27,100,9,여유,,6,13,여유,150,0,100
2026-05-18,도장,P-3015,INJ-220,V3,화이트,B사,D0038,100,2026-06-01,2026-06-18,2026-06-13,2026-06-15,0.7,26,100,0,여유,,7,17,여유,96,0,100
2026-05-18,도장,P-3013,INJ-214,V5,블랙,E사,D0034,100,2026-06-11,2026-06-19,2026-06-15,2026-06-16,0.6,28,100,43,여유,,6,8,빠듯,200,0,100
2026-05-18,도장,P-3002,INJ-201,V5,화이트,E사,D0005,135,2026-06-17,2026-06-22,2026-06-18,2026-06-19,0.9,31,135,52,여유,,6,5,납기 부족(불가),315,0,135
2026-05-18,도장,P-3005,INJ-206,V2,화이트,B사,D0011,100,2026-06-10,2026-06-22,2026-06-18,2026-06-19,0.7,31,100,69,여유,,6,12,여유,270,0,100
2026-05-18,도장,P-3008,INJ-214,V5,화이트,E사,D0021,100,2026-06-11,2026-06-22,2026-06-18,2026-06-19,0.6,31,100,0,여유,,6,11,여유,180,0,100
2026-05-18,도장,P-3016,INJ-209,V2,실버,E사,D0040,100,2026-06-06,2026-06-22,2026-06-18,2026-06-19,0.5,31,100,37,여유,,6,16,여유,108,0,100
2026-05-18,도장,P-3016,INJ-209,V2,실버,E사,D0043,100,2026-06-12,2026-06-22,2026-06-18,2026-06-19,0.5,31,100,37,여유,,6,10,여유,108,0,100
2026-05-18,도장,P-3028,INJ-202,V1,블루,E사,D0076,100,2026-06-10,2026-06-22,2026-06-18,2026-06-19,0.6,31,100,8,여유,,6,12,여유,225,0,100
2026-05-18,도장,P-3015,INJ-220,V3,화이트,B사,D0037,100,2026-06-06,2026-06-23,2026-06-18,2026-06-20,0.7,31,100,0,여유,,7,17,여유,96,0,100
2026-05-18,도장,P-3027,INJ-206,V6,블루,A사,D0073,100,2026-06-08,2026-06-23,2026-06-19,2026-06-20,0.6,32,100,13,여유,,6,15,여유,240,0,100
2026-05-18,도장,P-3027,INJ-206,V6,블루,A사,D0074,100,2026-06-10,2026-06-23,2026-06-19,2026-06-20,0.6,32,100,13,여유,,6,13,여유,240,0,100
2026-05-18,도장,P-3016,INJ-209,V2,실버,E사,D0042,100,2026-06-20,2026-06-24,2026-06-20,2026-06-21,0.5,33,100,37,여유,,6,4,납기 부족(불가),108,0,100
2026-05-18,도장,P-3023,INJ-214,V1,화이트,E사,D0063,100,2026-06-15,2026-06-24,2026-06-19,2026-06-21,0.5,32,100,12,여유,,7,9,빠듯,72,0,100
2026-05-18,도장,P-3034,INJ-203,V4,실버,A사,D0093,100,2026-06-13,2026-06-24,2026-06-20,2026-06-21,0.5,33,100,8,여유,,6,11,여유,280,0,100
2026-05-18,도장,P-3007,INJ-213,V1,블루,A사,D0017,100,2026-06-12,2026-06-25,2026-06-21,2026-06-22,0.6,34,100,43,여유,,6,13,여유,420,0,100
2026-05-18,도장,P-3009,INJ-217,V2,레드,A사,D0024,100,2026-06-08,2026-06-25,2026-06-21,2026-06-22,0.5,34,100,27,여유,,6,17,여유,315,0,100
2026-05-18,도장,P-3010,INJ-222,V5,화이트,E사,D0026,100,2026-06-09,2026-06-25,2026-06-21,2026-06-22,0.5,34,100,9,여유,,6,16,여유,150,0,100
2026-05-18,도장,P-3020,INJ-210,V3,블루,B사,D0053,100,2026-06-08,2026-06-25,2026-06-21,2026-06-22,0.5,34,100,7,여유,,6,17,여유,660,0,100
2026-05-18,도장,P-3020,INJ-210,V3,블루,B사,D0055,100,2026-06-13,2026-06-25,2026-06-21,2026-06-22,0.5,34,100,7,여유,,6,12,여유,660,0,100
2026-05-18,도장,P-3005,INJ-206,V2,화이트,B사,D0012,100,2026-06-21,2026-06-26,2026-06-22,2026-06-23,0.7,35,100,69,여유,,6,5,납기 부족(불가),270,0,100
2026-05-18,도장,P-3035,INJ-205,V1,화이트,C사,D0095,100,2026-06-16,2026-06-26,2026-06-22,2026-06-23,0.7,35,100,4,여유,,6,10,여유,504,0,100
2026-05-18,도장,P-3011,INJ-201,V1,레드,C사,D0028,100,2026-06-17,2026-06-29,2026-06-24,2026-06-26,0.5,37,100,0,여유,,7,12,여유,80,0,100
2026-05-18,도장,P-3017,INJ-212,V1,화이트,B사,D0044,100,2026-06-13,2026-06-29,2026-06-25,2026-06-26,0.7,38,100,0,여유,,6,16,여유,144,0,100
2026-05-18,도장,P-3024,INJ-220,V4,화이트,E사,D0064,100,2026-06-13,2026-06-29,2026-06-25,2026-06-26,0.6,38,100,12,여유,,6,16,여유,198,0,100
2026-05-18,도장,P-3029,INJ-205,V1,실버,A사,D0081,100,2026-06-24,2026-06-29,2026-06-25,2026-06-26,0.7,38,100,7,여유,,6,5,납기 부족(불가),378,0,100
2026-05-18,도장,P-3001,INJ-208,V6,실버,A사,D0003,178,2026-06-20,2026-06-30,2026-06-26,2026-06-27,1.2,39,178,164,여유,,6,10,여유,192,0,178
2026-05-18,도장,P-3009,INJ-217,V2,레드,A사,D0023,100,2026-06-23,2026-06-30,2026-06-26,2026-06-27,0.5,39,100,27,여유,,6,7,빠듯,315,0,100
2026-05-18,도장,P-3033,INJ-206,V5,블랙,A사,D0091,100,2026-06-16,2026-06-30,2026-06-26,2026-06-27,0.5,39,100,9,여유,,6,14,여유,400,0,100
2026-05-18,도장,P-3035,INJ-205,V1,화이트,C사,D0096,100,2026-06-25,2026-06-30,2026-06-26,2026-06-27,0.7,39,100,4,여유,,6,5,납기 부족(불가),504,0,100
2026-05-18,레이저,P-3011,INJ-201,V1,레드,C사,D0027,100,2026-05-12,2026-05-19,2026-05-16,2026-05-17,0.1,-2,100,101,오늘 진행,,7,7,빠듯,46433,100,0
2026-05-18,레이저,P-3008,INJ-214,V5,화이트,E사,D0020,100,2026-05-09,2026-05-21,2026-05-18,2026-05-19,0.1,0,100,200,오늘 진행,,6,12,여유,48154,100,0
2026-05-18,레이저,P-3008,INJ-214,V5,화이트,E사,D0022,100,2026-05-05,2026-05-21,2026-05-18,2026-05-19,0.1,0,100,100,오늘 진행,,6,16,여유,48154,100,0
2026-05-18,레이저,P-3025,INJ-222,V5,실버,E사,D0066,100,2026-05-12,2026-05-18,2026-05-15,2026-05-16,0.1,-3,100,68,부분 진행,도장,7,6,납기 부족(불가),48015,68,32
2026-05-18,레이저,P-3017,INJ-212,V1,화이트,B사,D0046,100,2026-05-09,2026-05-19,2026-05-16,2026-05-17,0.1,-2,100,62,부분 진행,도장,6,10,여유,53166,62,38
2026-05-18,레이저,P-3018,INJ-208,V4,화이트,C사,D0048,100,2026-05-06,2026-05-19,2026-05-16,2026-05-17,0.1,-2,100,62,부분 진행,도장,6,13,여유,60170,62,38
2026-05-18,레이저,P-3012,INJ-223,V1,레드,A사,D0030,100,2026-05-14,2026-05-20,2026-05-17,2026-05-18,0.1,-1,100,54,부분 진행,도장,6,6,빠듯,45590,54,46
2026-05-18,레이저,P-3015,INJ-220,V3,화이트,B사,D0039,100,2026-05-13,2026-05-20,2026-05-17,2026-05-18,0.1,-1,100,73,부분 진행,도장,7,7,빠듯,67913,73,27
2026-05-18,레이저,P-3032,INJ-224,V6,블랙,E사,D0088,100,2026-05-14,2026-05-20,2026-05-17,2026-05-18,0.1,-1,100,46,부분 진행,도장,6,6,빠듯,59005,46,54
2026-05-18,레이저,P-3019,INJ-215,V1,화이트,A사,D0052,100,2026-05-13,2026-05-21,2026-05-18,2026-05-19,0.1,0,100,48,부분 진행,도장,6,8,빠듯,67854,48,52
2026-05-18,레이저,P-3022,INJ-219,V5,블루,A사,D0061,100,2026-05-06,2026-05-21,2026-05-18,2026-05-19,0.1,0,100,26,부분 진행,도장,6,15,여유,61034,26,74
2026-05-18,레이저,P-3017,INJ-212,V1,화이트,B사,D0045,100,2026-05-13,2026-05-20,2026-05-17,2026-05-18,0.1,-1,100,0,앞공정 미완료 대기,도장,6,7,빠듯,53166,0,100
2026-05-18,레이저,P-3003,INJ-204,V5,실버,E사,D0006,100,2026-05-16,2026-05-22,2026-05-19,2026-05-20,0.1,1,100,343,여유,,6,6,빠듯,45821,0,100
2026-05-18,레이저,P-3025,INJ-222,V5,실버,E사,D0067,100,2026-05-13,2026-05-22,2026-05-19,2026-05-20,0.1,1,100,0,여유,,7,9,빠듯,48015,0,100
2026-05-18,레이저,P-3026,INJ-205,V1,실버,A사,D0070,100,2026-05-16,2026-05-22,2026-05-19,2026-05-20,0.1,1,100,33,여유,,7,6,납기 부족(불가),48119,0,100
2026-05-18,레이저,P-3026,INJ-205,V1,실버,A사,D0072,100,2026-05-09,2026-05-22,2026-05-19,2026-05-20,0.1,1,100,33,여유,,7,13,여유,48119,0,100
2026-05-18,레이저,P-3014,INJ-217,V2,실버,E사,D0036,100,2026-05-21,2026-05-25,2026-05-22,2026-05-23,0.1,4,100,164,여유,,6,4,납기 부족(불가),50459,0,100
2026-05-18,레이저,P-3028,INJ-202,V1,블루,E사,D0078,100,2026-05-08,2026-05-25,2026-05-22,2026-05-23,0.1,4,100,47,여유,,6,17,여유,55304,0,100
2026-05-18,레이저,P-3029,INJ-205,V1,실버,A사,D0079,100,2026-05-13,2026-05-25,2026-05-22,2026-05-23,0.1,4,100,20,여유,,6,12,여유,46031,0,100
2026-05-18,레이저,P-3001,INJ-208,V6,실버,A사,D0002,179,2026-05-15,2026-05-26,2026-05-23,2026-05-24,0.1,5,179,273,여유,,6,11,여유,71217,0,179
2026-05-18,레이저,P-3005,INJ-206,V2,화이트,B사,D0013,100,2026-05-09,2026-05-26,2026-05-23,2026-05-24,0.1,5,100,174,여유,,6,17,여유,62666,0,100
2026-05-18,레이저,P-3007,INJ-213,V1,블루,A사,D0018,100,2026-05-11,2026-05-26,2026-05-23,2026-05-24,0.1,5,100,114,여유,,6,15,여유,63013,0,100
2026-05-18,레이저,P-3020,INJ-210,V3,블루,B사,D0054,100,2026-05-11,2026-05-26,2026-05-23,2026-05-24,0.1,5,100,45,여유,,6,15,여유,50843,0,100
2026-05-18,레이저,P-3021,INJ-205,V2,블랙,D사,D0059,100,2026-05-14,2026-05-26,2026-05-23,2026-05-24,0.1,5,100,47,여유,,6,12,여유,46119,0,100
2026-05-18,레이저,P-3006,INJ-212,V4,블랙,E사,D0014,100,2026-05-16,2026-05-27,2026-05-24,2026-05-25,0.1,6,100,292,여유,,6,11,여유,67563,0,100
2026-05-18,레이저,P-3014,INJ-217,V2,실버,E사,D0035,100,2026-05-21,2026-05-27,2026-05-24,2026-05-25,0.1,6,100,164,여유,,6,6,빠듯,50459,0,100
2026-05-18,레이저,P-3018,INJ-208,V4,화이트,C사,D0049,100,2026-05-11,2026-05-27,2026-05-24,2026-05-25,0.1,6,100,0,여유,,6,16,여유,60170,0,100
2026-05-18,레이저,P-3028,INJ-202,V1,블루,E사,D0077,100,2026-05-12,2026-05-27,2026-05-24,2026-05-25,0.1,6,100,47,여유,,6,15,여유,55304,0,100
2026-05-18,레이저,P-3030,INJ-202,V5,화이트,C사,D0084,100,2026-05-17,2026-05-27,2026-05-24,2026-05-25,0.1,6,100,24,여유,,6,10,여유,63306,0,100
2026-05-18,레이저,P-3032,INJ-224,V6,블랙,E사,D0089,100,2026-05-10,2026-05-27,2026-05-24,2026-05-25,0.1,6,100,0,여유,,6,17,여유,59005,0,100
2026-05-18,레이저,P-3004,INJ-220,V6,블루,A사,D0009,111,2026-05-18,2026-05-28,2026-05-25,2026-05-26,0.1,7,111,193,여유,,6,10,여유,46773,0,111
2026-05-18,레이저,P-3028,INJ-202,V1,블루,E사,D0075,100,2026-05-14,2026-05-29,2026-05-26,2026-05-27,0.1,8,100,47,여유,,6,15,여유,55304,0,100
2026-05-18,레이저,P-3002,INJ-201,V5,화이트,E사,D0004,129,2026-05-27,2026-06-01,2026-05-29,2026-05-30,0.1,11,129,489,여유,,6,5,납기 부족(불가),51361,0,129
2026-05-18,레이저,P-3032,INJ-224,V6,블랙,E사,D0090,100,2026-05-24,2026-06-01,2026-05-29,2026-05-30,0.1,11,100,0,여유,,6,8,빠듯,59005,0,100
2026-05-18,레이저,P-3001,INJ-208,V6,실버,A사,D0001,174,2026-05-16,2026-06-02,2026-05-30,2026-05-31,0.1,12,174,273,여유,,6,17,여유,71217,0,174
2026-05-18,레이저,P-3018,INJ-208,V4,화이트,C사,D0047,100,2026-05-18,2026-06-02,2026-05-30,2026-05-31,0.1,12,100,0,여유,,6,15,여유,60170,0,100
2026-05-18,레이저,P-3020,INJ-210,V3,블루,B사,D0056,100,2026-05-16,2026-06-02,2026-05-30,2026-05-31,0.1,12,100,45,여유,,6,17,여유,50843,0,100
2026-05-18,레이저,P-3026,INJ-205,V1,실버,A사,D0069,100,2026-05-20,2026-06-02,2026-05-30,2026-05-31,0.1,12,100,33,여유,,7,13,여유,48119,0,100
2026-05-18,레이저,P-3030,INJ-202,V5,화이트,C사,D0083,100,2026-05-27,2026-06-02,2026-05-30,2026-05-31,0.1,12,100,24,여유,,6,6,빠듯,63306,0,100
2026-05-18,레이저,P-3034,INJ-203,V4,실버,A사,D0094,100,2026-05-26,2026-06-02,2026-05-30,2026-05-31,0.1,12,100,17,여유,,6,7,빠듯,61659,0,100
2026-05-18,레이저,P-3007,INJ-213,V1,블루,A사,D0016,100,2026-05-17,2026-06-03,2026-05-31,2026-06-01,0.1,13,100,114,여유,,6,17,여유,63013,0,100
2026-05-18,레이저,P-3012,INJ-223,V1,레드,A사,D0032,100,2026-05-18,2026-06-03,2026-05-31,2026-06-01,0.1,13,100,0,여유,,6,16,여유,45590,0,100
2026-05-18,레이저,P-3029,INJ-205,V1,실버,A사,D0080,100,2026-05-26,2026-06-03,2026-05-31,2026-06-01,0.1,13,100,20,여유,,6,8,빠듯,46031,0,100
2026-05-18,레이저,P-3031,INJ-217,V6,화이트,E사,D0086,100,2026-05-28,2026-06-03,2026-05-31,2026-06-01,0.1,13,100,48,여유,,6,6,빠듯,60997,0,100
2026-05-18,레이저,P-3006,INJ-212,V4,블랙,E사,D0015,100,2026-05-18,2026-06-04,2026-06-01,2026-06-02,0.1,14,100,292,여유,,6,17,여유,67563,0,100
2026-05-18,레이저,P-3024,INJ-220,V4,화이트,E사,D0065,100,2026-05-20,2026-06-04,2026-06-01,2026-06-02,0.1,14,100,70,여유,,6,15,여유,48803,0,100
2026-05-18,레이저,P-3035,INJ-205,V1,화이트,C사,D0097,100,2026-05-29,2026-06-04,2026-06-01,2026-06-02,0.1,14,100,25,여유,,6,6,빠듯,61116,0,100
2026-05-18,레이저,P-3016,INJ-209,V2,실버,E사,D0041,100,2026-05-30,2026-06-05,2026-06-02,2026-06-03,0.1,15,100,131,여유,,6,6,빠듯,52878,0,100
2026-05-18,레이저,P-3022,INJ-219,V5,블루,A사,D0060,100,2026-06-04,2026-06-08,2026-06-05,2026-06-06,0.1,18,100,0,여유,,6,4,납기 부족(불가),61034,0,100
2026-05-18,레이저,P-3026,INJ-205,V1,실버,A사,D0071,100,2026-05-23,2026-06-08,2026-06-05,2026-06-06,0.1,18,100,33,여유,,7,16,여유,48119,0,100
2026-05-18,레이저,P-3012,INJ-223,V1,레드,A사,D0029,100,2026-06-04,2026-06-09,2026-06-06,2026-06-07,0.1,19,100,0,여유,,6,5,납기 부족(불가),45590,0,100
2026-05-18,레이저,P-3012,INJ-223,V1,레드,A사,D0031,100,2026-05-25,2026-06-09,2026-06-06,2026-06-07,0.1,19,100,0,여유,,6,15,여유,45590,0,100
2026-05-18,레이저,P-3021,INJ-205,V2,블랙,D사,D0057,100,2026-05-25,2026-06-09,2026-06-06,2026-06-07,0.1,19,100,47,여유,,6,15,여유,46119,0,100
2026-05-18,레이저,P-3019,INJ-215,V1,화이트,A사,D0050,100,2026-05-25,2026-06-10,2026-06-07,2026-06-08,0.1,20,100,0,여유,,6,16,여유,67854,0,100
2026-05-18,레이저,P-3023,INJ-214,V1,화이트,E사,D0062,100,2026-06-04,2026-06-10,2026-06-07,2026-06-08,0.1,20,100,71,여유,,7,6,납기 부족(불가),50490,0,100
2026-05-18,레이저,P-3031,INJ-217,V6,화이트,E사,D0085,100,2026-06-04,2026-06-10,2026-06-07,2026-06-08,0.1,20,100,48,여유,,6,6,빠듯,60997,0,100
2026-05-18,레이저,P-3021,INJ-205,V2,블랙,D사,D0058,100,2026-06-08,2026-06-12,2026-06-09,2026-06-10,0.1,22,100,47,여유,,6,4,납기 부족(불가),46119,0,100
2026-05-18,레이저,P-3003,INJ-204,V5,실버,E사,D0008,100,2026-05-31,2026-06-15,2026-06-12,2026-06-13,0.1,25,100,343,여유,,6,15,여유,45821,0,100
2026-05-18,레이저,P-3035,INJ-205,V1,화이트,C사,D0098,100,2026-06-04,2026-06-15,2026-06-12,2026-06-13,0.1,25,100,25,여유,,6,11,여유,61116,0,100
2026-05-18,레이저,P-3003,INJ-204,V5,실버,E사,D0007,100,2026-06-07,2026-06-16,2026-06-13,2026-06-14,0.1,26,100,343,여유,,6,9,여유,45821,0,100
2026-05-18,레이저,P-3004,INJ-220,V6,블루,A사,D0010,106,2026-06-09,2026-06-16,2026-06-13,2026-06-14,0.1,26,106,193,여유,,6,7,빠듯,46773,0,106
2026-05-18,레이저,P-3025,INJ-222,V5,실버,E사,D0068,100,2026-06-04,2026-06-16,2026-06-13,2026-06-14,0.1,26,100,0,여유,,7,12,여유,48015,0,100
2026-05-18,레이저,P-3033,INJ-206,V5,블랙,A사,D0092,100,2026-06-09,2026-06-16,2026-06-13,2026-06-14,0.1,26,100,20,여유,,6,7,빠듯,57600,0,100
2026-05-18,레이저,P-3007,INJ-213,V1,블루,A사,D0019,100,2026-05-31,2026-06-17,2026-06-14,2026-06-15,0.1,27,100,114,여유,,6,17,여유,63013,0,100
2026-05-18,레이저,P-3029,INJ-205,V1,실버,A사,D0082,100,2026-06-01,2026-06-17,2026-06-14,2026-06-15,0.1,27,100,20,여유,,6,16,여유,46031,0,100
2026-05-18,레이저,P-3010,INJ-222,V5,화이트,E사,D0025,100,2026-06-05,2026-06-18,2026-06-15,2026-06-16,0.1,28,100,181,여유,,6,13,여유,58604,0,100
2026-05-18,레이저,P-3015,INJ-220,V3,화이트,B사,D0038,100,2026-06-01,2026-06-18,2026-06-15,2026-06-16,0.1,28,100,0,여유,,7,17,여유,67913,0,100
2026-05-18,레이저,P-3013,INJ-214,V5,블랙,E사,D0034,100,2026-06-11,2026-06-19,2026-06-16,2026-06-17,0.1,29,100,172,여유,,6,8,빠듯,47089,0,100
2026-05-18,레이저,P-3002,INJ-201,V5,화이트,E사,D0005,135,2026-06-17,2026-06-22,2026-06-19,2026-06-20,0.1,32,135,489,여유,,6,5,납기 부족(불가),51361,0,135
2026-05-18,레이저,P-3005,INJ-206,V2,화이트,B사,D0011,100,2026-06-10,2026-06-22,2026-06-19,2026-06-20,0.1,32,100,174,여유,,6,12,여유,62666,0,100
2026-05-18,레이저,P-3008,INJ-214,V5,화이트,E사,D0021,100,2026-06-11,2026-06-22,2026-06-19,2026-06-20,0.1,32,100,0,여유,,6,11,여유,48154,0,100
2026-05-18,레이저,P-3016,INJ-209,V2,실버,E사,D0040,100,2026-06-06,2026-06-22,2026-06-19,2026-06-20,0.1,32,100,131,여유,,6,16,여유,52878,0,100
2026-05-18,레이저,P-3016,INJ-209,V2,실버,E사,D0043,100,2026-06-12,2026-06-22,2026-06-19,2026-06-20,0.1,32,100,131,여유,,6,10,여유,52878,0,100
2026-05-18,레이저,P-3028,INJ-202,V1,블루,E사,D0076,100,2026-06-10,2026-06-22,2026-06-19,2026-06-20,0.1,32,100,47,여유,,6,12,여유,55304,0,100
2026-05-18,레이저,P-3015,INJ-220,V3,화이트,B사,D0037,100,2026-06-06,2026-06-23,2026-06-20,2026-06-21,0.1,33,100,0,여유,,7,17,여유,67913,0,100
2026-05-18,레이저,P-3027,INJ-206,V6,블루,A사,D0073,100,2026-06-08,2026-06-23,2026-06-20,2026-06-21,0.1,33,100,28,여유,,6,15,여유,58923,0,100
2026-05-18,레이저,P-3027,INJ-206,V6,블루,A사,D0074,100,2026-06-10,2026-06-23,2026-06-20,2026-06-21,0.1,33,100,28,여유,,6,13,여유,58923,0,100
2026-05-18,레이저,P-3016,INJ-209,V2,실버,E사,D0042,100,2026-06-20,2026-06-24,2026-06-21,2026-06-22,0.1,34,100,131,여유,,6,4,납기 부족(불가),52878,0,100
2026-05-18,레이저,P-3023,INJ-214,V1,화이트,E사,D0063,100,2026-06-15,2026-06-24,2026-06-21,2026-06-22,0.1,34,100,71,여유,,7,9,빠듯,50490,0,100
2026-05-18,레이저,P-3034,INJ-203,V4,실버,A사,D0093,100,2026-06-13,2026-06-24,2026-06-21,2026-06-22,0.1,34,100,17,여유,,6,11,여유,61659,0,100
2026-05-18,레이저,P-3007,INJ-213,V1,블루,A사,D0017,100,2026-06-12,2026-06-25,2026-06-22,2026-06-23,0.1,35,100,114,여유,,6,13,여유,63013,0,100
2026-05-18,레이저,P-3009,INJ-217,V2,레드,A사,D0024,100,2026-06-08,2026-06-25,2026-06-22,2026-06-23,0.1,35,100,85,여유,,6,17,여유,65116,0,100
2026-05-18,레이저,P-3010,INJ-222,V5,화이트,E사,D0026,100,2026-06-09,2026-06-25,2026-06-22,2026-06-23,0.1,35,100,181,여유,,6,16,여유,58604,0,100
2026-05-18,레이저,P-3020,INJ-210,V3,블루,B사,D0053,100,2026-06-08,2026-06-25,2026-06-22,2026-06-23,0.1,35,100,45,여유,,6,17,여유,50843,0,100
2026-05-18,레이저,P-3020,INJ-210,V3,블루,B사,D0055,100,2026-06-13,2026-06-25,2026-06-22,2026-06-23,0.1,35,100,45,여유,,6,12,여유,50843,0,100
2026-05-18,레이저,P-3005,INJ-206,V2,화이트,B사,D0012,100,2026-06-21,2026-06-26,2026-06-23,2026-06-24,0.1,36,100,174,여유,,6,5,납기 부족(불가),62666,0,100
2026-05-18,레이저,P-3035,INJ-205,V1,화이트,C사,D0095,100,2026-06-16,2026-06-26,2026-06-23,2026-06-24,0.1,36,100,25,여유,,6,10,여유,61116,0,100
2026-05-18,레이저,P-3011,INJ-201,V1,레드,C사,D0028,100,2026-06-17,2026-06-29,2026-06-26,2026-06-27,0.1,39,100,1,여유,,7,12,여유,46433,0,100
2026-05-18,레이저,P-3017,INJ-212,V1,화이트,B사,D0044,100,2026-06-13,2026-06-29,2026-06-26,2026-06-27,0.1,39,100,0,여유,,6,16,여유,53166,0,100
2026-05-18,레이저,P-3024,INJ-220,V4,화이트,E사,D0064,100,2026-06-13,2026-06-29,2026-06-26,2026-06-27,0.1,39,100,70,여유,,6,16,여유,48803,0,100
2026-05-18,레이저,P-3029,INJ-205,V1,실버,A사,D0081,100,2026-06-24,2026-06-29,2026-06-26,2026-06-27,0.1,39,100,20,여유,,6,5,납기 부족(불가),46031,0,100
2026-05-18,레이저,P-3001,INJ-208,V6,실버,A사,D0003,178,2026-06-20,2026-06-30,2026-06-27,2026-06-28,0.1,40,178,273,여유,,6,10,여유,71217,0,178
2026-05-18,레이저,P-3009,INJ-217,V2,레드,A사,D0023,100,2026-06-23,2026-06-30,2026-06-27,2026-06-28,0.1,40,100,85,여유,,6,7,빠듯,65116,0,100
2026-05-18,레이저,P-3033,INJ-206,V5,블랙,A사,D0091,100,2026-06-16,2026-06-30,2026-06-27,2026-06-28,0.1,40,100,20,여유,,6,14,여유,57600,0,100
2026-05-18,레이저,P-3035,INJ-205,V1,화이트,C사,D0096,100,2026-06-25,2026-06-30,2026-06-27,2026-06-28,0.1,40,100,25,여유,,6,5,납기 부족(불가),61116,0,100
2026-05-18,사출,P-3003,INJ-204,V5,실버,E사,D0006,100,2026-05-16,2026-05-22,2026-05-16,2026-05-17,0.9,-2,100,187,오늘 진행,,6,6,빠듯,3661,100,0
2026-05-18,사출,P-3025,INJ-222,V5,실버,E사,D0066,100,2026-05-12,2026-05-18,2026-05-11,2026-05-12,,-7,100,33,부분 진행,자재입고,7,6,납기 부족(불가),4224,33,67
2026-05-18,사출,P-3011,INJ-201,V1,레드,C사,D0027,100,2026-05-12,2026-05-19,2026-05-12,2026-05-13,0.7,-6,100,73,부분 진행,자재입고,7,7,빠듯,4272,73,27
2026-05-18,사출,P-3017,INJ-212,V1,화이트,B사,D0046,100,2026-05-09,2026-05-19,2026-05-13,2026-05-14,0.8,-5,100,70,부분 진행,자재입고,6,10,여유,3965,70,30
2026-05-18,사출,P-3018,INJ-208,V4,화이트,C사,D0048,100,2026-05-06,2026-05-19,2026-05-13,2026-05-14,0.8,-5,100,81,부분 진행,자재입고,6,13,여유,4062,81,19
2026-05-18,사출,P-3015,INJ-220,V3,화이트,B사,D0039,100,2026-05-13,2026-05-20,2026-05-13,2026-05-14,0.7,-5,100,85,부분 진행,자재입고,7,7,빠듯,4621,85,15
2026-05-18,사출,P-3012,INJ-223,V1,레드,A사,D0030,100,2026-05-14,2026-05-20,2026-05-14,2026-05-15,,-4,100,76,부분 진행,자재입고,6,6,빠듯,4548,76,24
2026-05-18,사출,P-3032,INJ-224,V6,블랙,E사,D0088,100,2026-05-14,2026-05-20,2026-05-14,2026-05-15,0.6,-4,100,27,부분 진행,자재입고,6,6,빠듯,5028,27,73
2026-05-18,사출,P-3008,INJ-214,V5,화이트,E사,D0020,100,2026-05-09,2026-05-21,2026-05-15,2026-05-16,0.7,-3,100,80,부분 진행,자재입고,6,12,여유,4702,80,20
2026-05-18,사출,P-3019,INJ-215,V1,화이트,A사,D0052,100,2026-05-13,2026-05-21,2026-05-15,2026-05-16,0.7,-3,100,58,부분 진행,자재입고,6,8,빠듯,4245,58,42
2026-05-18,사출,P-3022,INJ-219,V5,블루,A사,D0061,100,2026-05-06,2026-05-21,2026-05-15,2026-05-16,0.6,-3,100,51,부분 진행,자재입고,6,15,여유,5177,51,49
2026-05-18,사출,P-3026,INJ-205,V1,실버,A사,D0070,100,2026-05-16,2026-05-22,2026-05-15,2026-05-16,0.9,-3,100,34,부분 진행,자재입고,7,6,납기 부족(불가),3620,34,66
2026-05-18,사출,P-3017,INJ-212,V1,화이트,B사,D0045,100,2026-05-13,2026-05-20,2026-05-14,2026-05-15,0.8,-4,100,0,앞공정 미완료 대기,자재입고,6,7,빠듯,3965,0,100
2026-05-18,사출,P-3008,INJ-214,V5,화이트,E사,D0022,100,2026-05-05,2026-05-21,2026-05-15,2026-05-16,0.7,-3,100,0,앞공정 미완료 대기,자재입고,6,16,여유,4702,0,100
2026-05-18,사출,P-3025,INJ-222,V5,실버,E사,D0067,100,2026-05-13,2026-05-22,2026-05-15,2026-05-16,,-3,100,0,앞공정 미완료 대기,자재입고,7,9,빠듯,4224,0,100
2026-05-18,사출,P-3026,INJ-205,V1,실버,A사,D0072,100,2026-05-09,2026-05-22,2026-05-15,2026-05-16,0.9,-3,100,0,앞공정 미완료 대기,자재입고,7,13,여유,3620,0,100
2026-05-18,사출,P-3014,INJ-217,V2,실버,E사,D0036,100,2026-05-21,2026-05-25,2026-05-19,2026-05-20,0.7,1,100,79,여유,,6,4,납기 부족(불가),4605,0,100
2026-05-18,사출,P-3028,INJ-202,V1,블루,E사,D0078,100,2026-05-08,2026-05-25,2026-05-19,2026-05-20,,1,100,32,여유,,6,17,여유,4705,0,100
2026-05-18,사출,P-3029,INJ-205,V1,실버,A사,D0079,100,2026-05-13,2026-05-25,2026-05-19,2026-05-20,0.6,1,100,27,여유,,6,12,여유,5141,0,100
2026-05-18,사출,P-3001,INJ-208,V6,실버,A사,D0002,179,2026-05-15,2026-05-26,2026-05-20,2026-05-21,1.1,2,179,214,여유,,6,11,여유,5123,0,179
2026-05-18,사출,P-3005,INJ-206,V2,화이트,B사,D0013,100,2026-05-09,2026-05-26,2026-05-20,2026-05-21,0.8,2,100,155,여유,,6,17,여유,3808,0,100
2026-05-18,사출,P-3007,INJ-213,V1,블루,A사,D0018,100,2026-05-11,2026-05-26,2026-05-20,2026-05-21,,2,100,90,여유,,6,15,여유,4602,0,100
2026-05-18,사출,P-3020,INJ-210,V3,블루,B사,D0054,100,2026-05-11,2026-05-26,2026-05-20,2026-05-21,0.6,2,100,68,여유,,6,15,여유,4861,0,100
2026-05-18,사출,P-3021,INJ-205,V2,블랙,D사,D0059,100,2026-05-14,2026-05-26,2026-05-20,2026-05-21,0.6,2,100,65,여유,,6,12,여유,5157,0,100
2026-05-18,사출,P-3006,INJ-212,V4,블랙,E사,D0014,100,2026-05-16,2026-05-27,2026-05-21,2026-05-22,0.6,3,100,147,여유,,6,11,여유,4985,0,100
2026-05-18,사출,P-3014,INJ-217,V2,실버,E사,D0035,100,2026-05-21,2026-05-27,2026-05-21,2026-05-22,0.7,3,100,79,여유,,6,6,빠듯,4605,0,100
2026-05-18,사출,P-3018,INJ-208,V4,화이트,C사,D0049,100,2026-05-11,2026-05-27,2026-05-21,2026-05-22,0.8,3,100,0,여유,,6,16,여유,4062,0,100
2026-05-18,사출,P-3028,INJ-202,V1,블루,E사,D0077,100,2026-05-12,2026-05-27,2026-05-21,2026-05-22,,3,100,32,여유,,6,15,여유,4705,0,100
2026-05-18,사출,P-3030,INJ-202,V5,화이트,C사,D0084,100,2026-05-17,2026-05-27,2026-05-21,2026-05-22,0.8,3,100,29,여유,,6,10,여유,3626,0,100
2026-05-18,사출,P-3032,INJ-224,V6,블랙,E사,D0089,100,2026-05-10,2026-05-27,2026-05-21,2026-05-22,0.6,3,100,0,여유,,6,17,여유,5028,0,100
2026-05-18,사출,P-3004,INJ-220,V6,블루,A사,D0009,111,2026-05-18,2026-05-28,2026-05-22,2026-05-23,0.8,4,111,175,여유,,6,10,여유,4598,0,111
2026-05-18,사출,P-3028,INJ-202,V1,블루,E사,D0075,100,2026-05-14,2026-05-29,2026-05-23,2026-05-24,,5,100,32,여유,,6,15,여유,4705,0,100
2026-05-18,사출,P-3002,INJ-201,V5,화이트,E사,D0004,129,2026-05-27,2026-06-01,2026-05-26,2026-05-27,1.0,8,129,294,여유,,6,5,납기 부족(불가),3916,0,129
2026-05-18,사출,P-3032,INJ-224,V6,블랙,E사,D0090,100,2026-05-24,2026-06-01,2026-05-26,2026-05-27,0.6,8,100,0,여유,,6,8,빠듯,5028,0,100
2026-05-18,사출,P-3026,INJ-205,V1,실버,A사,D0069,100,2026-05-20,2026-06-02,2026-05-26,2026-05-27,0.9,8,100,0,여유,,7,13,여유,3620,0,100
2026-05-18,사출,P-3001,INJ-208,V6,실버,A사,D0001,174,2026-05-16,2026-06-02,2026-05-27,2026-05-28,1.1,9,174,214,여유,,6,17,여유,5123,0,174
2026-05-18,사출,P-3018,INJ-208,V4,화이트,C사,D0047,100,2026-05-18,2026-06-02,2026-05-27,2026-05-28,0.8,9,100,0,여유,,6,15,여유,4062,0,100
2026-05-18,사출,P-3020,INJ-210,V3,블루,B사,D0056,100,2026-05-16,2026-06-02,2026-05-27,2026-05-28,0.6,9,100,68,여유,,6,17,여유,4861,0,100
2026-05-18,사출,P-3030,INJ-202,V5,화이트,C사,D0083,100,2026-05-27,2026-06-02,2026-05-27,2026-05-28,0.8,9,100,29,여유,,6,6,빠듯,3626,0,100
2026-05-18,사출,P-3034,INJ-203,V4,실버,A사,D0094,100,2026-05-26,2026-06-02,2026-05-27,2026-05-28,0.7,9,100,14,여유,,6,7,빠듯,4603,0,100
2026-05-18,사출,P-3007,INJ-213,V1,블루,A사,D0016,100,2026-05-17,2026-06-03,2026-05-28,2026-05-29,,10,100,90,여유,,6,17,여유,4602,0,100
2026-05-18,사출,P-3012,INJ-223,V1,레드,A사,D0032,100,2026-05-18,2026-06-03,2026-05-28,2026-05-29,,10,100,0,여유,,6,16,여유,4548,0,100
2026-05-18,사출,P-3029,INJ-205,V1,실버,A사,D0080,100,2026-05-26,2026-06-03,2026-05-28,2026-05-29,0.6,10,100,27,여유,,6,8,빠듯,5141,0,100
2026-05-18,사출,P-3031,INJ-217,V6,화이트,E사,D0086,100,2026-05-28,2026-06-03,2026-05-28,2026-05-29,0.7,10,100,26,여유,,6,6,빠듯,4355,0,100
2026-05-18,사출,P-3006,INJ-212,V4,블랙,E사,D0015,100,2026-05-18,2026-06-04,2026-05-29,2026-05-30,0.6,11,100,147,여유,,6,17,여유,4985,0,100
2026-05-18,사출,P-3024,INJ-220,V4,화이트,E사,D0065,100,2026-05-20,2026-06-04,2026-05-29,2026-05-30,,11,100,43,여유,,6,15,여유,4580,0,100
2026-05-18,사출,P-3035,INJ-205,V1,화이트,C사,D0097,100,2026-05-29,2026-06-04,2026-05-29,2026-05-30,,11,100,22,여유,,6,6,빠듯,4575,0,100
2026-05-18,사출,P-3016,INJ-209,V2,실버,E사,D0041,100,2026-05-30,2026-06-05,2026-05-30,2026-05-31,0.9,12,100,58,여유,,6,6,빠듯,3658,0,100
2026-05-18,사출,P-3026,INJ-205,V1,실버,A사,D0071,100,2026-05-23,2026-06-08,2026-06-01,2026-06-02,0.9,14,100,0,여유,,7,16,여유,3620,0,100
2026-05-18,사출,P-3022,INJ-219,V5,블루,A사,D0060,100,2026-06-04,2026-06-08,2026-06-02,2026-06-03,0.6,15,100,0,여유,,6,4,납기 부족(불가),5177,0,100
2026-05-18,사출,P-3012,INJ-223,V1,레드,A사,D0029,100,2026-06-04,2026-06-09,2026-06-03,2026-06-04,,16,100,0,여유,,6,5,납기 부족(불가),4548,0,100
2026-05-18,사출,P-3012,INJ-223,V1,레드,A사,D0031,100,2026-05-25,2026-06-09,2026-06-03,2026-06-04,,16,100,0,여유,,6,15,여유,4548,0,100
2026-05-18,사출,P-3021,INJ-205,V2,블랙,D사,D0057,100,2026-05-25,2026-06-09,2026-06-03,2026-06-04,0.6,16,100,65,여유,,6,15,여유,5157,0,100
2026-05-18,사출,P-3023,INJ-214,V1,화이트,E사,D0062,100,2026-06-04,2026-06-10,2026-06-03,2026-06-04,,16,100,36,여유,,7,6,납기 부족(불가),4543,0,100
2026-05-18,사출,P-3019,INJ-215,V1,화이트,A사,D0050,100,2026-05-25,2026-06-10,2026-06-04,2026-06-05,0.7,17,100,0,여유,,6,16,여유,4245,0,100
2026-05-18,사출,P-3031,INJ-217,V6,화이트,E사,D0085,100,2026-06-04,2026-06-10,2026-06-04,2026-06-05,0.7,17,100,26,여유,,6,6,빠듯,4355,0,100
2026-05-18,사출,P-3021,INJ-205,V2,블랙,D사,D0058,100,2026-06-08,2026-06-12,2026-06-06,2026-06-07,0.6,19,100,65,여유,,6,4,납기 부족(불가),5157,0,100
2026-05-18,사출,P-3003,INJ-204,V5,실버,E사,D0008,100,2026-05-31,2026-06-15,2026-06-09,2026-06-10,0.9,22,100,87,여유,,6,15,여유,3661,0,100
2026-05-18,사출,P-3035,INJ-205,V1,화이트,C사,D0098,100,2026-06-04,2026-06-15,2026-06-09,2026-06-10,,22,100,22,여유,,6,11,여유,4575,0,100
2026-05-18,사출,P-3025,INJ-222,V5,실버,E사,D0068,100,2026-06-04,2026-06-16,2026-06-09,2026-06-10,,22,100,0,여유,,7,12,여유,4224,0,100
2026-05-18,사출,P-3003,INJ-204,V5,실버,E사,D0007,100,2026-06-07,2026-06-16,2026-06-10,2026-06-11,0.9,23,100,87,여유,,6,9,여유,3661,0,100
2026-05-18,사출,P-3004,INJ-220,V6,블루,A사,D0010,106,2026-06-09,2026-06-16,2026-06-10,2026-06-11,0.7,23,106,175,여유,,6,7,빠듯,4598,0,106
2026-05-18,사출,P-3033,INJ-206,V5,블랙,A사,D0092,100,2026-06-09,2026-06-16,2026-06-10,2026-06-11,,23,100,27,여유,,6,7,빠듯,4254,0,100
2026-05-18,사출,P-3007,INJ-213,V1,블루,A사,D0019,100,2026-05-31,2026-06-17,2026-06-11,2026-06-12,,24,100,90,여유,,6,17,여유,4602,0,100
2026-05-18,사출,P-3029,INJ-205,V1,실버,A사,D0082,100,2026-06-01,2026-06-17,2026-06-11,2026-06-12,0.6,24,100,27,여유,,6,16,여유,5141,0,100
2026-05-18,사출,P-3015,INJ-220,V3,화이트,B사,D0038,100,2026-06-01,2026-06-18,2026-06-11,2026-06-12,0.7,24,100,0,여유,,7,17,여유,4621,0,100
2026-05-18,사출,P-3010,INJ-222,V5,화이트,E사,D0025,100,2026-06-05,2026-06-18,2026-06-12,2026-06-13,0.6,25,100,78,여유,,6,13,여유,5508,0,100
2026-05-18,사출,P-3013,INJ-214,V5,블랙,E사,D0034,100,2026-06-11,2026-06-19,2026-06-13,2026-06-14,,26,100,73,여유,,6,8,빠듯,4612,0,100
2026-05-18,사출,P-3002,INJ-201,V5,화이트,E사,D0005,135,2026-06-17,2026-06-22,2026-06-16,2026-06-17,1.1,29,135,294,여유,,6,5,납기 부족(불가),3916,0,135
2026-05-18,사출,P-3005,INJ-206,V2,화이트,B사,D0011,100,2026-06-10,2026-06-22,2026-06-16,2026-06-17,0.8,29,100,155,여유,,6,12,여유,3808,0,100
2026-05-18,사출,P-3008,INJ-214,V5,화이트,E사,D0021,100,2026-06-11,2026-06-22,2026-06-16,2026-06-17,0.7,29,100,0,여유,,6,11,여유,4702,0,100
2026-05-18,사출,P-3016,INJ-209,V2,실버,E사,D0040,100,2026-06-06,2026-06-22,2026-06-16,2026-06-17,0.9,29,100,58,여유,,6,16,여유,3658,0,100
2026-05-18,사출,P-3016,INJ-209,V2,실버,E사,D0043,100,2026-06-12,2026-06-22,2026-06-16,2026-06-17,0.9,29,100,58,여유,,6,10,여유,3658,0,100
2026-05-18,사출,P-3028,INJ-202,V1,블루,E사,D0076,100,2026-06-10,2026-06-22,2026-06-16,2026-06-17,,29,100,32,여유,,6,12,여유,4705,0,100
2026-05-18,사출,P-3015,INJ-220,V3,화이트,B사,D0037,100,2026-06-06,2026-06-23,2026-06-16,2026-06-17,0.7,29,100,0,여유,,7,17,여유,4621,0,100
2026-05-18,사출,P-3027,INJ-206,V6,블루,A사,D0073,100,2026-06-08,2026-06-23,2026-06-17,2026-06-18,,30,100,24,여유,,6,15,여유,4449,0,100
2026-05-18,사출,P-3027,INJ-206,V6,블루,A사,D0074,100,2026-06-10,2026-06-23,2026-06-17,2026-06-18,,30,100,24,여유,,6,13,여유,4449,0,100
2026-05-18,사출,P-3023,INJ-214,V1,화이트,E사,D0063,100,2026-06-15,2026-06-24,2026-06-17,2026-06-18,,30,100,36,여유,,7,9,빠듯,4543,0,100
2026-05-18,사출,P-3016,INJ-209,V2,실버,E사,D0042,100,2026-06-20,2026-06-24,2026-06-18,2026-06-19,0.9,31,100,58,여유,,6,4,납기 부족(불가),3658,0,100
2026-05-18,사출,P-3034,INJ-203,V4,실버,A사,D0093,100,2026-06-13,2026-06-24,2026-06-18,2026-06-19,0.7,31,100,14,여유,,6,11,여유,4603,0,100
2026-05-18,사출,P-3007,INJ-213,V1,블루,A사,D0017,100,2026-06-12,2026-06-25,2026-06-19,2026-06-20,,32,100,90,여유,,6,13,여유,4602,0,100
2026-05-18,사출,P-3009,INJ-217,V2,레드,A사,D0024,100,2026-06-08,2026-06-25,2026-06-19,2026-06-20,0.6,32,100,104,여유,,6,17,여유,5279,0,100
2026-05-18,사출,P-3010,INJ-222,V5,화이트,E사,D0026,100,2026-06-09,2026-06-25,2026-06-19,2026-06-20,0.6,32,100,78,여유,,6,16,여유,5508,0,100
2026-05-18,사출,P-3020,INJ-210,V3,블루,B사,D0053,100,2026-06-08,2026-06-25,2026-06-19,2026-06-20,0.6,32,100,68,여유,,6,17,여유,4861,0,100
2026-05-18,사출,P-3020,INJ-210,V3,블루,B사,D0055,100,2026-06-13,2026-06-25,2026-06-19,2026-06-20,0.6,32,100,68,여유,,6,12,여유,4861,0,100
2026-05-18,사출,P-3005,INJ-206,V2,화이트,B사,D0012,100,2026-06-21,2026-06-26,2026-06-20,2026-06-21,0.8,33,100,155,여유,,6,5,납기 부족(불가),3808,0,100
2026-05-18,사출,P-3035,INJ-205,V1,화이트,C사,D0095,100,2026-06-16,2026-06-26,2026-06-20,2026-06-21,,33,100,22,여유,,6,10,여유,4575,0,100
2026-05-18,사출,P-3011,INJ-201,V1,레드,C사,D0028,100,2026-06-17,2026-06-29,2026-06-22,2026-06-23,0.7,35,100,0,여유,,7,12,여유,4272,0,100
2026-05-18,사출,P-3017,INJ-212,V1,화이트,B사,D0044,100,2026-06-13,2026-06-29,2026-06-23,2026-06-24,0.8,36,100,0,여유,,6,16,여유,3965,0,100
2026-05-18,사출,P-3024,INJ-220,V4,화이트,E사,D0064,100,2026-06-13,2026-06-29,2026-06-23,2026-06-24,,36,100,43,여유,,6,16,여유,4580,0,100
2026-05-18,사출,P-3029,INJ-205,V1,실버,A사,D0081,100,2026-06-24,2026-06-29,2026-06-23,2026-06-24,0.6,36,100,27,여유,,6,5,납기 부족(불가),5141,0,100
2026-05-18,사출,P-3001,INJ-208,V6,실버,A사,D0003,178,2026-06-20,2026-06-30,2026-06-24,2026-06-25,1.1,37,178,214,여유,,6,10,여유,5123,0,178
2026-05-18,사출,P-3009,INJ-217,V2,레드,A사,D0023,100,2026-06-23,2026-06-30,2026-06-24,2026-06-25,0.6,37,100,104,여유,,6,7,빠듯,5279,0,100
2026-05-18,사출,P-3033,INJ-206,V5,블랙,A사,D0091,100,2026-06-16,2026-06-30,2026-06-24,2026-06-25,,37,100,27,여유,,6,14,여유,4254,0,100
2026-05-18,사출,P-3035,INJ-205,V1,화이트,C사,D0096,100,2026-06-25,2026-06-30,2026-06-24,2026-06-25,,37,100,22,여유,,6,5,납기 부족(불가),4575,0,100
2026-05-18,인쇄,P-3025,INJ-222,V5,실버,E사,D0066,100,2026-05-12,2026-05-18,2026-05-16,2026-05-17,0.1,-2,100,2,부분 진행,레이저,7,6,납기 부족(불가),11813,2,98
2026-05-18,인쇄,P-3011,INJ-201,V1,레드,C사,D0027,100,2026-05-12,2026-05-19,2026-05-17,2026-05-18,0.2,-1,100,23,부분 진행,레이저,7,7,빠듯,10296,23,77
2026-05-18,인쇄,P-3017,INJ-212,V1,화이트,B사,D0046,100,2026-05-09,2026-05-19,2026-05-17,2026-05-18,0.1,-1,100,40,부분 진행,레이저,6,10,여유,11523,40,60
2026-05-18,인쇄,P-3018,INJ-208,V4,화이트,C사,D0048,100,2026-05-06,2026-05-19,2026-05-17,2026-05-18,0.2,-1,100,23,부분 진행,레이저,6,13,여유,9664,23,77
2026-05-18,인쇄,P-3012,INJ-223,V1,레드,A사,D0030,100,2026-05-14,2026-05-20,2026-05-18,2026-05-19,0.1,0,100,48,부분 진행,레이저,6,6,빠듯,13586,48,52
2026-05-18,인쇄,P-3015,INJ-220,V3,화이트,B사,D0039,100,2026-05-13,2026-05-20,2026-05-18,2026-05-19,0.2,0,100,21,부분 진행,레이저,7,7,빠듯,9777,21,79
2026-05-18,인쇄,P-3032,INJ-224,V6,블랙,E사,D0088,100,2026-05-14,2026-05-20,2026-05-18,2026-05-19,0.2,0,100,8,부분 진행,레이저,6,6,빠듯,10343,8,92
2026-05-18,인쇄,P-3017,INJ-212,V1,화이트,B사,D0045,100,2026-05-13,2026-05-20,2026-05-18,2026-05-19,0.1,0,100,0,앞공정 미완료 대기,레이저,6,7,빠듯,11523,0,100
2026-05-18,인쇄,P-3008,INJ-214,V5,화이트,E사,D0020,100,2026-05-09,2026-05-21,2026-05-19,2026-05-20,0.2,1,100,0,여유,,6,12,여유,9898,0,100
2026-05-18,인쇄,P-3008,INJ-214,V5,화이트,E사,D0022,100,2026-05-05,2026-05-21,2026-05-19,2026-05-20,0.2,1,100,0,여유,,6,16,여유,9898,0,100
2026-05-18,인쇄,P-3019,INJ-215,V1,화이트,A사,D0052,100,2026-05-13,2026-05-21,2026-05-19,2026-05-20,0.2,1,100,27,여유,,6,8,빠듯,9156,0,100
2026-05-18,인쇄,P-3022,INJ-219,V5,블루,A사,D0061,100,2026-05-06,2026-05-21,2026-05-19,2026-05-20,0.1,1,100,8,여유,,6,15,여유,11084,0,100
2026-05-18,인쇄,P-3003,INJ-204,V5,실버,E사,D0006,100,2026-05-16,2026-05-22,2026-05-20,2026-05-21,0.2,2,100,1,여유,,6,6,빠듯,10139,0,100
2026-05-18,인쇄,P-3025,INJ-222,V5,실버,E사,D0067,100,2026-05-13,2026-05-22,2026-05-20,2026-05-21,0.1,2,100,0,여유,,7,9,빠듯,11813,0,100
2026-05-18,인쇄,P-3026,INJ-205,V1,실버,A사,D0070,100,2026-05-16,2026-05-22,2026-05-20,2026-05-21,0.2,2,100,10,여유,,7,6,납기 부족(불가),9853,0,100
2026-05-18,인쇄,P-3026,INJ-205,V1,실버,A사,D0072,100,2026-05-09,2026-05-22,2026-05-20,2026-05-21,0.2,2,100,10,여유,,7,13,여유,9853,0,100
2026-05-18,인쇄,P-3014,INJ-217,V2,실버,E사,D0036,100,2026-05-21,2026-05-25,2026-05-23,2026-05-24,0.2,5,100,30,여유,,6,4,납기 부족(불가),10333,0,100
2026-05-18,인쇄,P-3028,INJ-202,V1,블루,E사,D0078,100,2026-05-08,2026-05-25,2026-05-23,2026-05-24,0.1,5,100,12,여유,,6,17,여유,10876,0,100
2026-05-18,인쇄,P-3029,INJ-205,V1,실버,A사,D0079,100,2026-05-13,2026-05-25,2026-05-23,2026-05-24,0.2,5,100,3,여유,,6,12,여유,10024,0,100
2026-05-18,인쇄,P-3001,INJ-208,V6,실버,A사,D0002,179,2026-05-15,2026-05-26,2026-05-24,2026-05-25,0.2,6,179,157,여유,,6,11,여유,12050,0,179
2026-05-18,인쇄,P-3005,INJ-206,V2,화이트,B사,D0013,100,2026-05-09,2026-05-26,2026-05-24,2026-05-25,0.1,6,100,65,여유,,6,17,여유,12886,0,100
2026-05-18,인쇄,P-3007,INJ-213,V1,블루,A사,D0018,100,2026-05-11,2026-05-26,2026-05-24,2026-05-25,0.2,6,100,4,여유,,6,15,여유,8950,0,100
2026-05-18,인쇄,P-3020,INJ-210,V3,블루,B사,D0054,100,2026-05-11,2026-05-26,2026-05-24,2026-05-25,0.1,6,100,5,여유,,6,15,여유,13680,0,100
2026-05-18,인쇄,P-3021,INJ-205,V2,블랙,D사,D0059,100,2026-05-14,2026-05-26,2026-05-24,2026-05-25,0.1,6,100,51,여유,,6,12,여유,11137,0,100
2026-05-18,인쇄,P-3006,INJ-212,V4,블랙,E사,D0014,100,2026-05-16,2026-05-27,2026-05-25,2026-05-26,0.2,7,100,64,여유,,6,11,여유,9109,0,100
2026-05-18,인쇄,P-3014,INJ-217,V2,실버,E사,D0035,100,2026-05-21,2026-05-27,2026-05-25,2026-05-26,0.2,7,100,30,여유,,6,6,빠듯,10333,0,100
2026-05-18,인쇄,P-3018,INJ-208,V4,화이트,C사,D0049,100,2026-05-11,2026-05-27,2026-05-25,2026-05-26,0.2,7,100,0,여유,,6,16,여유,9664,0,100
2026-05-18,인쇄,P-3028,INJ-202,V1,블루,E사,D0077,100,2026-05-12,2026-05-27,2026-05-25,2026-05-26,0.1,7,100,12,여유,,6,15,여유,10876,0,100
2026-05-18,인쇄,P-3030,INJ-202,V5,화이트,C사,D0084,100,2026-05-17,2026-05-27,2026-05-25,2026-05-26,0.1,7,100,3,여유,,6,10,여유,12107,0,100
2026-05-18,인쇄,P-3032,INJ-224,V6,블랙,E사,D0089,100,2026-05-10,2026-05-27,2026-05-25,2026-05-26,0.2,7,100,0,여유,,6,17,여유,10343,0,100
2026-05-18,인쇄,P-3004,INJ-220,V6,블루,A사,D0009,111,2026-05-18,2026-05-28,2026-05-26,2026-05-27,0.1,8,111,0,여유,,6,10,여유,12489,0,111
2026-05-18,인쇄,P-3028,INJ-202,V1,블루,E사,D0075,100,2026-05-14,2026-05-29,2026-05-27,2026-05-28,0.1,9,100,12,여유,,6,15,여유,10876,0,100
2026-05-18,인쇄,P-3002,INJ-201,V5,화이트,E사,D0004,129,2026-05-27,2026-06-01,2026-05-30,2026-05-31,0.2,12,129,121,여유,,6,5,납기 부족(불가),9129,0,129
2026-05-18,인쇄,P-3032,INJ-224,V6,블랙,E사,D0090,100,2026-05-24,2026-06-01,2026-05-30,2026-05-31,0.2,12,100,0,여유,,6,8,빠듯,10343,0,100
2026-05-18,인쇄,P-3001,INJ-208,V6,실버,A사,D0001,174,2026-05-16,2026-06-02,2026-05-31,2026-06-01,0.2,13,174,157,여유,,6,17,여유,12050,0,174
2026-05-18,인쇄,P-3018,INJ-208,V4,화이트,C사,D0047,100,2026-05-18,2026-06-02,2026-05-31,2026-06-01,0.2,13,100,0,여유,,6,15,여유,9664,0,100
2026-05-18,인쇄,P-3020,INJ-210,V3,블루,B사,D0056,100,2026-05-16,2026-06-02,2026-05-31,2026-06-01,0.1,13,100,5,여유,,6,17,여유,13680,0,100
2026-05-18,인쇄,P-3026,INJ-205,V1,실버,A사,D0069,100,2026-05-20,2026-06-02,2026-05-31,2026-06-01,0.2,13,100,10,여유,,7,13,여유,9853,0,100
2026-05-18,인쇄,P-3030,INJ-202,V5,화이트,C사,D0083,100,2026-05-27,2026-06-02,2026-05-31,2026-06-01,0.1,13,100,3,여유,,6,6,빠듯,12107,0,100
2026-05-18,인쇄,P-3034,INJ-203,V4,실버,A사,D0094,100,2026-05-26,2026-06-02,2026-05-31,2026-06-01,0.1,13,100,4,여유,,6,7,빠듯,12799,0,100
2026-05-18,인쇄,P-3007,INJ-213,V1,블루,A사,D0016,100,2026-05-17,2026-06-03,2026-06-01,2026-06-02,0.2,14,100,4,여유,,6,17,여유,8950,0,100
2026-05-18,인쇄,P-3012,INJ-223,V1,레드,A사,D0032,100,2026-05-18,2026-06-03,2026-06-01,2026-06-02,0.1,14,100,0,여유,,6,16,여유,13586,0,100
2026-05-18,인쇄,P-3029,INJ-205,V1,실버,A사,D0080,100,2026-05-26,2026-06-03,2026-06-01,2026-06-02,0.2,14,100,3,여유,,6,8,빠듯,10024,0,100
2026-05-18,인쇄,P-3031,INJ-217,V6,화이트,E사,D0086,100,2026-05-28,2026-06-03,2026-06-01,2026-06-02,0.1,14,100,3,여유,,6,6,빠듯,12304,0,100
2026-05-18,인쇄,P-3006,INJ-212,V4,블랙,E사,D0015,100,2026-05-18,2026-06-04,2026-06-02,2026-06-03,0.2,15,100,64,여유,,6,17,여유,9109,0,100
2026-05-18,인쇄,P-3024,INJ-220,V4,화이트,E사,D0065,100,2026-05-20,2026-06-04,2026-06-02,2026-06-03,0.1,15,100,25,여유,,6,15,여유,11412,0,100
2026-05-18,인쇄,P-3035,INJ-205,V1,화이트,C사,D0097,100,2026-05-29,2026-06-04,2026-06-02,2026-06-03,0.1,15,100,9,여유,,6,6,빠듯,13558,0,100
2026-05-18,인쇄,P-3016,INJ-209,V2,실버,E사,D0041,100,2026-05-30,2026-06-05,2026-06-03,2026-06-04,0.2,16,100,18,여유,,6,6,빠듯,9844,0,100
2026-05-18,인쇄,P-3022,INJ-219,V5,블루,A사,D0060,100,2026-06-04,2026-06-08,2026-06-06,2026-06-07,0.1,19,100,8,여유,,6,4,납기 부족(불가),11084,0,100
2026-05-18,인쇄,P-3026,INJ-205,V1,실버,A사,D0071,100,2026-05-23,2026-06-08,2026-06-06,2026-06-07,0.2,19,100,10,여유,,7,16,여유,9853,0,100
2026-05-18,인쇄,P-3012,INJ-223,V1,레드,A사,D0029,100,2026-06-04,2026-06-09,2026-06-07,2026-06-08,0.1,20,100,0,여유,,6,5,납기 부족(불가),13586,0,100
2026-05-18,인쇄,P-3012,INJ-223,V1,레드,A사,D0031,100,2026-05-25,2026-06-09,2026-06-07,2026-06-08,0.1,20,100,0,여유,,6,15,여유,13586,0,100
2026-05-18,인쇄,P-3021,INJ-205,V2,블랙,D사,D0057,100,2026-05-25,2026-06-09,2026-06-07,2026-06-08,0.1,20,100,51,여유,,6,15,여유,11137,0,100
2026-05-18,인쇄,P-3019,INJ-215,V1,화이트,A사,D0050,100,2026-05-25,2026-06-10,2026-06-08,2026-06-09,0.2,21,100,27,여유,,6,16,여유,9156,0,100
2026-05-18,인쇄,P-3023,INJ-214,V1,화이트,E사,D0062,100,2026-06-04,2026-06-10,2026-06-08,2026-06-09,0.1,21,100,17,여유,,7,6,납기 부족(불가),13172,0,100
2026-05-18,인쇄,P-3031,INJ-217,V6,화이트,E사,D0085,100,2026-06-04,2026-06-10,2026-06-08,2026-06-09,0.1,21,100,3,여유,,6,6,빠듯,12304,0,100
2026-05-18,인쇄,P-3021,INJ-205,V2,블랙,D사,D0058,100,2026-06-08,2026-06-12,2026-06-10,2026-06-11,0.1,23,100,51,여유,,6,4,납기 부족(불가),11137,0,100
2026-05-18,인쇄,P-3003,INJ-204,V5,실버,E사,D0008,100,2026-05-31,2026-06-15,2026-06-13,2026-06-14,0.2,26,100,1,여유,,6,15,여유,10139,0,100
2026-05-18,인쇄,P-3035,INJ-205,V1,화이트,C사,D0098,100,2026-06-04,2026-06-15,2026-06-13,2026-06-14,0.1,26,100,9,여유,,6,11,여유,13558,0,100
2026-05-18,인쇄,P-3003,INJ-204,V5,실버,E사,D0007,100,2026-06-07,2026-06-16,2026-06-14,2026-06-15,0.2,27,100,1,여유,,6,9,여유,10139,0,100
2026-05-18,인쇄,P-3004,INJ-220,V6,블루,A사,D0010,106,2026-06-09,2026-06-16,2026-06-14,2026-06-15,0.1,27,106,0,여유,,6,7,빠듯,12489,0,106
2026-05-18,인쇄,P-3025,INJ-222,V5,실버,E사,D0068,100,2026-06-04,2026-06-16,2026-06-14,2026-06-15,0.1,27,100,0,여유,,7,12,여유,11813,0,100
2026-05-18,인쇄,P-3033,INJ-206,V5,블랙,A사,D0092,100,2026-06-09,2026-06-16,2026-06-14,2026-06-15,0.1,27,100,9,여유,,6,7,빠듯,12279,0,100
2026-05-18,인쇄,P-3007,INJ-213,V1,블루,A사,D0019,100,2026-05-31,2026-06-17,2026-06-15,2026-06-16,0.2,28,100,4,여유,,6,17,여유,8950,0,100
2026-05-18,인쇄,P-3029,INJ-205,V1,실버,A사,D0082,100,2026-06-01,2026-06-17,2026-06-15,2026-06-16,0.2,28,100,3,여유,,6,16,여유,10024,0,100
2026-05-18,인쇄,P-3010,INJ-222,V5,화이트,E사,D0025,100,2026-06-05,2026-06-18,2026-06-16,2026-06-17,0.2,29,100,41,여유,,6,13,여유,10233,0,100
2026-05-18,인쇄,P-3015,INJ-220,V3,화이트,B사,D0038,100,2026-06-01,2026-06-18,2026-06-16,2026-06-17,0.2,29,100,0,여유,,7,17,여유,9777,0,100
2026-05-18,인쇄,P-3013,INJ-214,V5,블랙,E사,D0034,100,2026-06-11,2026-06-19,2026-06-17,2026-06-18,0.2,30,100,14,여유,,6,8,빠듯,9323,0,100
2026-05-18,인쇄,P-3002,INJ-201,V5,화이트,E사,D0005,135,2026-06-17,2026-06-22,2026-06-20,2026-06-21,0.2,33,135,121,여유,,6,5,납기 부족(불가),9129,0,135
2026-05-18,인쇄,P-3005,INJ-206,V2,화이트,B사,D0011,100,2026-06-10,2026-06-22,2026-06-20,2026-06-21,0.1,33,100,65,여유,,6,12,여유,12886,0,100
2026-05-18,인쇄,P-3008,INJ-214,V5,화이트,E사,D0021,100,2026-06-11,2026-06-22,2026-06-20,2026-06-21,0.2,33,100,0,여유,,6,11,여유,9898,0,100
2026-05-18,인쇄,P-3016,INJ-209,V2,실버,E사,D0040,100,2026-06-06,2026-06-22,2026-06-20,2026-06-21,0.2,33,100,18,여유,,6,16,여유,9844,0,100
2026-05-18,인쇄,P-3016,INJ-209,V2,실버,E사,D0043,100,2026-06-12,2026-06-22,2026-06-20,2026-06-21,0.2,33,100,18,여유,,6,10,여유,9844,0,100
2026-05-18,인쇄,P-3028,INJ-202,V1,블루,E사,D0076,100,2026-06-10,2026-06-22,2026-06-20,2026-06-21,0.1,33,100,12,여유,,6,12,여유,10876,0,100
2026-05-18,인쇄,P-3015,INJ-220,V3,화이트,B사,D0037,100,2026-06-06,2026-06-23,2026-06-21,2026-06-22,0.2,34,100,0,여유,,7,17,여유,9777,0,100
2026-05-18,인쇄,P-3027,INJ-206,V6,블루,A사,D0073,100,2026-06-08,2026-06-23,2026-06-21,2026-06-22,0.1,34,100,10,여유,,6,15,여유,10592,0,100
2026-05-18,인쇄,P-3027,INJ-206,V6,블루,A사,D0074,100,2026-06-10,2026-06-23,2026-06-21,2026-06-22,0.1,34,100,10,여유,,6,13,여유,10592,0,100
2026-05-18,인쇄,P-3016,INJ-209,V2,실버,E사,D0042,100,2026-06-20,2026-06-24,2026-06-22,2026-06-23,0.2,35,100,18,여유,,6,4,납기 부족(불가),9844,0,100
2026-05-18,인쇄,P-3023,INJ-214,V1,화이트,E사,D0063,100,2026-06-15,2026-06-24,2026-06-22,2026-06-23,0.1,35,100,17,여유,,7,9,빠듯,13172,0,100
2026-05-18,인쇄,P-3034,INJ-203,V4,실버,A사,D0093,100,2026-06-13,2026-06-24,2026-06-22,2026-06-23,0.1,35,100,4,여유,,6,11,여유,12799,0,100
2026-05-18,인쇄,P-3007,INJ-213,V1,블루,A사,D0017,100,2026-06-12,2026-06-25,2026-06-23,2026-06-24,0.2,36,100,4,여유,,6,13,여유,8950,0,100
2026-05-18,인쇄,P-3009,INJ-217,V2,레드,A사,D0024,100,2026-06-08,2026-06-25,2026-06-23,2026-06-24,0.1,36,100,17,여유,,6,17,여유,11260,0,100
2026-05-18,인쇄,P-3010,INJ-222,V5,화이트,E사,D0026,100,2026-06-09,2026-06-25,2026-06-23,2026-06-24,0.2,36,100,41,여유,,6,16,여유,10233,0,100
2026-05-18,인쇄,P-3020,INJ-210,V3,블루,B사,D0053,100,2026-06-08,2026-06-25,2026-06-23,2026-06-24,0.1,36,100,5,여유,,6,17,여유,13680,0,100
2026-05-18,인쇄,P-3020,INJ-210,V3,블루,B사,D0055,100,2026-06-13,2026-06-25,2026-06-23,2026-06-24,0.1,36,100,5,여유,,6,12,여유,13680,0,100
2026-05-18,인쇄,P-3005,INJ-206,V2,화이트,B사,D0012,100,2026-06-21,2026-06-26,2026-06-24,2026-06-25,0.1,37,100,65,여유,,6,5,납기 부족(불가),12886,0,100
2026-05-18,인쇄,P-3035,INJ-205,V1,화이트,C사,D0095,100,2026-06-16,2026-06-26,2026-06-24,2026-06-25,0.1,37,100,9,여유,,6,10,여유,13558,0,100
2026-05-18,인쇄,P-3011,INJ-201,V1,레드,C사,D0028,100,2026-06-17,2026-06-29,2026-06-27,2026-06-28,0.2,40,100,0,여유,,7,12,여유,10296,0,100
2026-05-18,인쇄,P-3017,INJ-212,V1,화이트,B사,D0044,100,2026-06-13,2026-06-29,2026-06-27,2026-06-28,0.1,40,100,0,여유,,6,16,여유,11523,0,100
2026-05-18,인쇄,P-3024,INJ-220,V4,화이트,E사,D0064,100,2026-06-13,2026-06-29,2026-06-27,2026-06-28,0.1,40,100,25,여유,,6,16,여유,11412,0,100
2026-05-18,인쇄,P-3029,INJ-205,V1,실버,A사,D0081,100,2026-06-24,2026-06-29,2026-06-27,2026-06-28,0.2,40,100,3,여유,,6,5,납기 부족(불가),10024,0,100
2026-05-18,인쇄,P-3001,INJ-208,V6,실버,A사,D0003,178,2026-06-20,2026-06-30,2026-06-28,2026-06-29,0.2,41,178,157,여유,,6,10,여유,12050,0,178
2026-05-18,인쇄,P-3009,INJ-217,V2,레드,A사,D0023,100,2026-06-23,2026-06-30,2026-06-28,2026-06-29,0.1,41,100,17,여유,,6,7,빠듯,11260,0,100
2026-05-18,인쇄,P-3033,INJ-206,V5,블랙,A사,D0091,100,2026-06-16,2026-06-30,2026-06-28,2026-06-29,0.1,41,100,9,여유,,6,14,여유,12279,0,100
2026-05-18,인쇄,P-3035,INJ-205,V1,화이트,C사,D0096,100,2026-06-25,2026-06-30,2026-06-28,2026-06-29,0.1,41,100,9,여유,,6,5,납기 부족(불가),13558,0,100
2026-05-18,지그삽입,P-3003,INJ-204,V5,실버,E사,D0006,100,2026-05-16,2026-05-22,2026-05-17,2026-05-18,0.2,-1,100,114,오늘 진행,,6,6,빠듯,8223,100,0
2026-05-18,지그삽입,P-3025,INJ-222,V5,실버,E사,D0066,100,2026-05-12,2026-05-18,2026-05-12,2026-05-13,0.2,-6,100,31,부분 진행,사출,7,6,납기 부족(불가),7704,31,69
2026-05-18,지그삽입,P-3011,INJ-201,V1,레드,C사,D0027,100,2026-05-12,2026-05-19,2026-05-13,2026-05-14,0.2,-5,100,63,부분 진행,사출,7,7,빠듯,7947,63,37
2026-05-18,지그삽입,P-3017,INJ-212,V1,화이트,B사,D0046,100,2026-05-09,2026-05-19,2026-05-14,2026-05-15,0.2,-4,100,65,부분 진행,사출,6,10,여유,6800,65,35
2026-05-18,지그삽입,P-3018,INJ-208,V4,화이트,C사,D0048,100,2026-05-06,2026-05-19,2026-05-14,2026-05-15,0.2,-4,100,13,부분 진행,사출,6,13,여유,8343,13,87
2026-05-18,지그삽입,P-3015,INJ-220,V3,화이트,B사,D0039,100,2026-05-13,2026-05-20,2026-05-14,2026-05-15,0.3,-4,100,71,부분 진행,사출,7,7,빠듯,6134,71,29
2026-05-18,지그삽입,P-3012,INJ-223,V1,레드,A사,D0030,100,2026-05-14,2026-05-20,2026-05-15,2026-05-16,0.2,-3,100,70,부분 진행,사출,6,6,빠듯,6386,70,30
2026-05-18,지그삽입,P-3032,INJ-224,V6,블랙,E사,D0088,100,2026-05-14,2026-05-20,2026-05-15,2026-05-16,0.2,-3,100,27,부분 진행,사출,6,6,빠듯,6496,27,73
2026-05-18,지그삽입,P-3008,INJ-214,V5,화이트,E사,D0020,100,2026-05-09,2026-05-21,2026-05-16,2026-05-17,0.3,-2,100,74,부분 진행,사출,6,12,여유,5649,74,26
2026-05-18,지그삽입,P-3019,INJ-215,V1,화이트,A사,D0052,100,2026-05-13,2026-05-21,2026-05-16,2026-05-17,0.2,-2,100,38,부분 진행,사출,6,8,빠듯,8564,38,62
2026-05-18,지그삽입,P-3022,INJ-219,V5,블루,A사,D0061,100,2026-05-06,2026-05-21,2026-05-16,2026-05-17,0.2,-2,100,25,부분 진행,사출,6,15,여유,7578,25,75
2026-05-18,지그삽입,P-3026,INJ-205,V1,실버,A사,D0070,100,2026-05-16,2026-05-22,2026-05-16,2026-05-17,0.3,-2,100,29,부분 진행,사출,7,6,납기 부족(불가),5668,29,71
2026-05-18,지그삽입,P-3017,INJ-212,V1,화이트,B사,D0045,100,2026-05-13,2026-05-20,2026-05-15,2026-05-16,0.2,-3,100,0,앞공정 미완료 대기,사출,6,7,빠듯,6800,0,100
2026-05-18,지그삽입,P-3008,INJ-214,V5,화이트,E사,D0022,100,2026-05-05,2026-05-21,2026-05-16,2026-05-17,0.3,-2,100,0,앞공정 미완료 대기,사출,6,16,여유,5649,0,100
2026-05-18,지그삽입,P-3025,INJ-222,V5,실버,E사,D0067,100,2026-05-13,2026-05-22,2026-05-16,2026-05-17,0.2,-2,100,0,앞공정 미완료 대기,사출,7,9,빠듯,7704,0,100
2026-05-18,지그삽입,P-3026,INJ-205,V1,실버,A사,D0072,100,2026-05-09,2026-05-22,2026-05-16,2026-05-17,0.3,-2,100,0,앞공정 미완료 대기,사출,7,13,여유,5668,0,100
2026-05-18,지그삽입,P-3014,INJ-217,V2,실버,E사,D0036,100,2026-05-21,2026-05-25,2026-05-20,2026-05-21,0.3,2,100,31,여유,,6,4,납기 부족(불가),5901,0,100
2026-05-18,지그삽입,P-3028,INJ-202,V1,블루,E사,D0078,100,2026-05-08,2026-05-25,2026-05-20,2026-05-21,0.2,2,100,22,여유,,6,17,여유,6530,0,100
2026-05-18,지그삽입,P-3029,INJ-205,V1,실버,A사,D0079,100,2026-05-13,2026-05-25,2026-05-20,2026-05-21,0.2,2,100,27,여유,,6,12,여유,6743,0,100
2026-05-18,지그삽입,P-3001,INJ-208,V6,실버,A사,D0002,179,2026-05-15,2026-05-26,2026-05-21,2026-05-22,0.5,3,179,186,여유,,6,11,여유,5740,0,179
2026-05-18,지그삽입,P-3005,INJ-206,V2,화이트,B사,D0013,100,2026-05-09,2026-05-26,2026-05-21,2026-05-22,0.2,3,100,155,여유,,6,17,여유,8526,0,100
2026-05-18,지그삽입,P-3007,INJ-213,V1,블루,A사,D0018,100,2026-05-11,2026-05-26,2026-05-21,2026-05-22,0.2,3,100,81,여유,,6,15,여유,6585,0,100
2026-05-18,지그삽입,P-3020,INJ-210,V3,블루,B사,D0054,100,2026-05-11,2026-05-26,2026-05-21,2026-05-22,0.2,3,100,46,여유,,6,15,여유,7232,0,100
2026-05-18,지그삽입,P-3021,INJ-205,V2,블랙,D사,D0059,100,2026-05-14,2026-05-26,2026-05-21,2026-05-22,0.2,3,100,28,여유,,6,12,여유,8385,0,100
2026-05-18,지그삽입,P-3006,INJ-212,V4,블랙,E사,D0014,100,2026-05-16,2026-05-27,2026-05-22,2026-05-23,0.2,4,100,78,여유,,6,11,여유,6480,0,100
2026-05-18,지그삽입,P-3014,INJ-217,V2,실버,E사,D0035,100,2026-05-21,2026-05-27,2026-05-22,2026-05-23,0.3,4,100,31,여유,,6,6,빠듯,5901,0,100
2026-05-18,지그삽입,P-3018,INJ-208,V4,화이트,C사,D0049,100,2026-05-11,2026-05-27,2026-05-22,2026-05-23,0.2,4,100,0,여유,,6,16,여유,8343,0,100
2026-05-18,지그삽입,P-3028,INJ-202,V1,블루,E사,D0077,100,2026-05-12,2026-05-27,2026-05-22,2026-05-23,0.2,4,100,22,여유,,6,15,여유,6530,0,100
2026-05-18,지그삽입,P-3030,INJ-202,V5,화이트,C사,D0084,100,2026-05-17,2026-05-27,2026-05-22,2026-05-23,0.2,4,100,15,여유,,6,10,여유,8378,0,100
2026-05-18,지그삽입,P-3032,INJ-224,V6,블랙,E사,D0089,100,2026-05-10,2026-05-27,2026-05-22,2026-05-23,0.2,4,100,0,여유,,6,17,여유,6496,0,100
2026-05-18,지그삽입,P-3004,INJ-220,V6,블루,A사,D0009,111,2026-05-18,2026-05-28,2026-05-23,2026-05-24,0.3,5,111,120,여유,,6,10,여유,5652,0,111
2026-05-18,지그삽입,P-3028,INJ-202,V1,블루,E사,D0075,100,2026-05-14,2026-05-29,2026-05-24,2026-05-25,0.2,6,100,22,여유,,6,15,여유,6530,0,100
2026-05-18,지그삽입,P-3002,INJ-201,V5,화이트,E사,D0004,129,2026-05-27,2026-06-01,2026-05-27,2026-05-28,0.3,9,129,211,여유,,6,5,납기 부족(불가),7173,0,129
2026-05-18,지그삽입,P-3032,INJ-224,V6,블랙,E사,D0090,100,2026-05-24,2026-06-01,2026-05-27,2026-05-28,0.2,9,100,0,여유,,6,8,빠듯,6496,0,100
2026-05-18,지그삽입,P-3026,INJ-205,V1,실버,A사,D0069,100,2026-05-20,2026-06-02,2026-05-27,2026-05-28,0.3,9,100,0,여유,,7,13,여유,5668,0,100
2026-05-18,지그삽입,P-3001,INJ-208,V6,실버,A사,D0001,174,2026-05-16,2026-06-02,2026-05-28,2026-05-29,0.5,10,174,186,여유,,6,17,여유,5740,0,174
2026-05-18,지그삽입,P-3018,INJ-208,V4,화이트,C사,D0047,100,2026-05-18,2026-06-02,2026-05-28,2026-05-29,0.2,10,100,0,여유,,6,15,여유,8343,0,100
2026-05-18,지그삽입,P-3020,INJ-210,V3,블루,B사,D0056,100,2026-05-16,2026-06-02,2026-05-28,2026-05-29,0.2,10,100,46,여유,,6,17,여유,7232,0,100
2026-05-18,지그삽입,P-3030,INJ-202,V5,화이트,C사,D0083,100,2026-05-27,2026-06-02,2026-05-28,2026-05-29,0.2,10,100,15,여유,,6,6,빠듯,8378,0,100
2026-05-18,지그삽입,P-3034,INJ-203,V4,실버,A사,D0094,100,2026-05-26,2026-06-02,2026-05-28,2026-05-29,0.2,10,100,18,여유,,6,7,빠듯,7667,0,100
2026-05-18,지그삽입,P-3007,INJ-213,V1,블루,A사,D0016,100,2026-05-17,2026-06-03,2026-05-29,2026-05-30,0.2,11,100,81,여유,,6,17,여유,6585,0,100
2026-05-18,지그삽입,P-3012,INJ-223,V1,레드,A사,D0032,100,2026-05-18,2026-06-03,2026-05-29,2026-05-30,0.2,11,100,0,여유,,6,16,여유,6386,0,100
2026-05-18,지그삽입,P-3029,INJ-205,V1,실버,A사,D0080,100,2026-05-26,2026-06-03,2026-05-29,2026-05-30,0.2,11,100,27,여유,,6,8,빠듯,6743,0,100
2026-05-18,지그삽입,P-3031,INJ-217,V6,화이트,E사,D0086,100,2026-05-28,2026-06-03,2026-05-29,2026-05-30,0.3,11,100,24,여유,,6,6,빠듯,5837,0,100
2026-05-18,지그삽입,P-3006,INJ-212,V4,블랙,E사,D0015,100,2026-05-18,2026-06-04,2026-05-30,2026-05-31,0.2,12,100,78,여유,,6,17,여유,6480,0,100
2026-05-18,지그삽입,P-3024,INJ-220,V4,화이트,E사,D0065,100,2026-05-20,2026-06-04,2026-05-30,2026-05-31,0.2,12,100,16,여유,,6,15,여유,7425,0,100
2026-05-18,지그삽입,P-3035,INJ-205,V1,화이트,C사,D0097,100,2026-05-29,2026-06-04,2026-05-30,2026-05-31,0.2,12,100,16,여유,,6,6,빠듯,6562,0,100
2026-05-18,지그삽입,P-3016,INJ-209,V2,실버,E사,D0041,100,2026-05-30,2026-06-05,2026-05-31,2026-06-01,0.2,13,100,35,여유,,6,6,빠듯,6486,0,100
2026-05-18,지그삽입,P-3026,INJ-205,V1,실버,A사,D0071,100,2026-05-23,2026-06-08,2026-06-02,2026-06-03,0.3,15,100,0,여유,,7,16,여유,5668,0,100
2026-05-18,지그삽입,P-3022,INJ-219,V5,블루,A사,D0060,100,2026-06-04,2026-06-08,2026-06-03,2026-06-04,0.2,16,100,0,여유,,6,4,납기 부족(불가),7578,0,100
2026-05-18,지그삽입,P-3012,INJ-223,V1,레드,A사,D0029,100,2026-06-04,2026-06-09,2026-06-04,2026-06-05,0.2,17,100,0,여유,,6,5,납기 부족(불가),6386,0,100
2026-05-18,지그삽입,P-3012,INJ-223,V1,레드,A사,D0031,100,2026-05-25,2026-06-09,2026-06-04,2026-06-05,0.2,17,100,0,여유,,6,15,여유,6386,0,100
2026-05-18,지그삽입,P-3021,INJ-205,V2,블랙,D사,D0057,100,2026-05-25,2026-06-09,2026-06-04,2026-06-05,0.2,17,100,28,여유,,6,15,여유,8385,0,100
2026-05-18,지그삽입,P-3023,INJ-214,V1,화이트,E사,D0062,100,2026-06-04,2026-06-10,2026-06-04,2026-06-05,0.2,17,100,29,여유,,7,6,납기 부족(불가),8598,0,100
2026-05-18,지그삽입,P-3019,INJ-215,V1,화이트,A사,D0050,100,2026-05-25,2026-06-10,2026-06-05,2026-06-06,0.2,18,100,0,여유,,6,16,여유,8564,0,100
2026-05-18,지그삽입,P-3031,INJ-217,V6,화이트,E사,D0085,100,2026-06-04,2026-06-10,2026-06-05,2026-06-06,0.3,18,100,24,여유,,6,6,빠듯,5837,0,100
2026-05-18,지그삽입,P-3021,INJ-205,V2,블랙,D사,D0058,100,2026-06-08,2026-06-12,2026-06-07,2026-06-08,0.2,20,100,28,여유,,6,4,납기 부족(불가),8385,0,100
2026-05-18,지그삽입,P-3003,INJ-204,V5,실버,E사,D0008,100,2026-05-31,2026-06-15,2026-06-10,2026-06-11,0.2,23,100,14,여유,,6,15,여유,8223,0,100
2026-05-18,지그삽입,P-3035,INJ-205,V1,화이트,C사,D0098,100,2026-06-04,2026-06-15,2026-06-10,2026-06-11,0.2,23,100,16,여유,,6,11,여유,6562,0,100
2026-05-18,지그삽입,P-3025,INJ-222,V5,실버,E사,D0068,100,2026-06-04,2026-06-16,2026-06-10,2026-06-11,0.2,23,100,0,여유,,7,12,여유,7704,0,100
2026-05-18,지그삽입,P-3003,INJ-204,V5,실버,E사,D0007,100,2026-06-07,2026-06-16,2026-06-11,2026-06-12,0.2,24,100,14,여유,,6,9,여유,8223,0,100
2026-05-18,지그삽입,P-3004,INJ-220,V6,블루,A사,D0010,106,2026-06-09,2026-06-16,2026-06-11,2026-06-12,0.3,24,106,120,여유,,6,7,빠듯,5652,0,106
2026-05-18,지그삽입,P-3033,INJ-206,V5,블랙,A사,D0092,100,2026-06-09,2026-06-16,2026-06-11,2026-06-12,0.2,24,100,5,여유,,6,7,빠듯,7827,0,100
2026-05-18,지그삽입,P-3007,INJ-213,V1,블루,A사,D0019,100,2026-05-31,2026-06-17,2026-06-12,2026-06-13,0.2,25,100,81,여유,,6,17,여유,6585,0,100
2026-05-18,지그삽입,P-3029,INJ-205,V1,실버,A사,D0082,100,2026-06-01,2026-06-17,2026-06-12,2026-06-13,0.2,25,100,27,여유,,6,16,여유,6743,0,100
2026-05-18,지그삽입,P-3015,INJ-220,V3,화이트,B사,D0038,100,2026-06-01,2026-06-18,2026-06-12,2026-06-13,0.3,25,100,0,여유,,7,17,여유,6134,0,100
2026-05-18,지그삽입,P-3010,INJ-222,V5,화이트,E사,D0025,100,2026-06-05,2026-06-18,2026-06-13,2026-06-14,0.3,26,100,66,여유,,6,13,여유,5897,0,100
2026-05-18,지그삽입,P-3013,INJ-214,V5,블랙,E사,D0034,100,2026-06-11,2026-06-19,2026-06-14,2026-06-15,0.2,27,100,58,여유,,6,8,빠듯,8059,0,100
2026-05-18,지그삽입,P-3002,INJ-201,V5,화이트,E사,D0005,135,2026-06-17,2026-06-22,2026-06-17,2026-06-18,0.3,30,135,211,여유,,6,5,납기 부족(불가),7173,0,135
2026-05-18,지그삽입,P-3005,INJ-206,V2,화이트,B사,D0011,100,2026-06-10,2026-06-22,2026-06-17,2026-06-18,0.2,30,100,155,여유,,6,12,여유,8526,0,100
2026-05-18,지그삽입,P-3008,INJ-214,V5,화이트,E사,D0021,100,2026-06-11,2026-06-22,2026-06-17,2026-06-18,0.3,30,100,0,여유,,6,11,여유,5649,0,100
2026-05-18,지그삽입,P-3016,INJ-209,V2,실버,E사,D0040,100,2026-06-06,2026-06-22,2026-06-17,2026-06-18,0.2,30,100,35,여유,,6,16,여유,6486,0,100
2026-05-18,지그삽입,P-3016,INJ-209,V2,실버,E사,D0043,100,2026-06-12,2026-06-22,2026-06-17,2026-06-18,0.2,30,100,35,여유,,6,10,여유,6486,0,100
2026-05-18,지그삽입,P-3028,INJ-202,V1,블루,E사,D0076,100,2026-06-10,2026-06-22,2026-06-17,2026-06-18,0.2,30,100,22,여유,,6,12,여유,6530,0,100
2026-05-18,지그삽입,P-3015,INJ-220,V3,화이트,B사,D0037,100,2026-06-06,2026-06-23,2026-06-17,2026-06-18,0.3,30,100,0,여유,,7,17,여유,6134,0,100
2026-05-18,지그삽입,P-3027,INJ-206,V6,블루,A사,D0073,100,2026-06-08,2026-06-23,2026-06-18,2026-06-19,0.2,31,100,16,여유,,6,15,여유,7106,0,100
2026-05-18,지그삽입,P-3027,INJ-206,V6,블루,A사,D0074,100,2026-06-10,2026-06-23,2026-06-18,2026-06-19,0.2,31,100,16,여유,,6,13,여유,7106,0,100
2026-05-18,지그삽입,P-3023,INJ-214,V1,화이트,E사,D0063,100,2026-06-15,2026-06-24,2026-06-18,2026-06-19,0.2,31,100,29,여유,,7,9,빠듯,8598,0,100
2026-05-18,지그삽입,P-3016,INJ-209,V2,실버,E사,D0042,100,2026-06-20,2026-06-24,2026-06-19,2026-06-20,0.2,32,100,35,여유,,6,4,납기 부족(불가),6486,0,100
2026-05-18,지그삽입,P-3034,INJ-203,V4,실버,A사,D0093,100,2026-06-13,2026-06-24,2026-06-19,2026-06-20,0.2,32,100,18,여유,,6,11,여유,7667,0,100
2026-05-18,지그삽입,P-3007,INJ-213,V1,블루,A사,D0017,100,2026-06-12,2026-06-25,2026-06-20,2026-06-21,0.2,33,100,81,여유,,6,13,여유,6585,0,100
2026-05-18,지그삽입,P-3009,INJ-217,V2,레드,A사,D0024,100,2026-06-08,2026-06-25,2026-06-20,2026-06-21,0.2,33,100,60,여유,,6,17,여유,7460,0,100
2026-05-18,지그삽입,P-3010,INJ-222,V5,화이트,E사,D0026,100,2026-06-09,2026-06-25,2026-06-20,2026-06-21,0.3,33,100,66,여유,,6,16,여유,5897,0,100
2026-05-18,지그삽입,P-3020,INJ-210,V3,블루,B사,D0053,100,2026-06-08,2026-06-25,2026-06-20,2026-06-21,0.2,33,100,46,여유,,6,17,여유,7232,0,100
2026-05-18,지그삽입,P-3020,INJ-210,V3,블루,B사,D0055,100,2026-06-13,2026-06-25,2026-06-20,2026-06-21,0.2,33,100,46,여유,,6,12,여유,7232,0,100
2026-05-18,지그삽입,P-3005,INJ-206,V2,화이트,B사,D0012,100,2026-06-21,2026-06-26,2026-06-21,2026-06-22,0.2,34,100,155,여유,,6,5,납기 부족(불가),8526,0,100
2026-05-18,지그삽입,P-3035,INJ-205,V1,화이트,C사,D0095,100,2026-06-16,2026-06-26,2026-06-21,2026-06-22,0.2,34,100,16,여유,,6,10,여유,6562,0,100
2026-05-18,지그삽입,P-3011,INJ-201,V1,레드,C사,D0028,100,2026-06-17,2026-06-29,2026-06-23,2026-06-24,0.2,36,100,0,여유,,7,12,여유,7947,0,100
2026-05-18,지그삽입,P-3017,INJ-212,V1,화이트,B사,D0044,100,2026-06-13,2026-06-29,2026-06-24,2026-06-25,0.2,37,100,0,여유,,6,16,여유,6800,0,100
2026-05-18,지그삽입,P-3024,INJ-220,V4,화이트,E사,D0064,100,2026-06-13,2026-06-29,2026-06-24,2026-06-25,0.2,37,100,16,여유,,6,16,여유,7425,0,100
2026-05-18,지그삽입,P-3029,INJ-205,V1,실버,A사,D0081,100,2026-06-24,2026-06-29,2026-06-24,2026-06-25,0.2,37,100,27,여유,,6,5,납기 부족(불가),6743,0,100
2026-05-18,지그삽입,P-3001,INJ-208,V6,실버,A사,D0003,178,2026-06-20,2026-06-30,2026-06-25,2026-06-26,0.5,38,178,186,여유,,6,10,여유,5740,0,178
2026-05-18,지그삽입,P-3009,INJ-217,V2,레드,A사,D0023,100,2026-06-23,2026-06-30,2026-06-25,2026-06-26,0.2,38,100,60,여유,,6,7,빠듯,7460,0,100
2026-05-18,지그삽입,P-3033,INJ-206,V5,블랙,A사,D0091,100,2026-06-16,2026-06-30,2026-06-25,2026-06-26,0.2,38,100,5,여유,,6,14,여유,7827,0,100
2026-05-18,지그삽입,P-3035,INJ-205,V1,화이트,C사,D0096,100,2026-06-25,2026-06-30,2026-06-25,2026-06-26,0.2,38,100,16,여유,,6,5,납기 부족(불가),6562,0,100
2026-05-18,출하검사,P-3025,INJ-222,V5,실버,E사,D0066,100,2026-05-12,2026-05-18,2026-05-17,2026-05-18,0.1,-1,100,14,부분 진행,인쇄,7,6,납기 부족(불가),15955,14,86
2026-05-18,출하검사,P-3011,INJ-201,V1,레드,C사,D0027,100,2026-05-12,2026-05-19,2026-05-18,2026-05-19,0.1,0,100,42,부분 진행,인쇄,7,7,빠듯,12525,42,58
2026-05-18,출하검사,P-3017,INJ-212,V1,화이트,B사,D0046,100,2026-05-09,2026-05-19,2026-05-18,2026-05-19,,0,100,22,부분 진행,인쇄,6,10,여유,13610,22,78
2026-05-18,출하검사,P-3018,INJ-208,V4,화이트,C사,D0048,100,2026-05-06,2026-05-19,2026-05-18,2026-05-19,0.1,0,100,17,부분 진행,인쇄,6,13,여유,15071,17,83
2026-05-18,출하검사,P-3012,INJ-223,V1,레드,A사,D0030,100,2026-05-14,2026-05-20,2026-05-19,2026-05-20,0.1,1,100,33,여유,,6,6,빠듯,15225,0,100
2026-05-18,출하검사,P-3015,INJ-220,V3,화이트,B사,D0039,100,2026-05-13,2026-05-20,2026-05-19,2026-05-20,0.1,1,100,48,여유,,7,7,빠듯,15411,0,100
2026-05-18,출하검사,P-3017,INJ-212,V1,화이트,B사,D0045,100,2026-05-13,2026-05-20,2026-05-19,2026-05-20,,1,100,0,여유,,6,7,빠듯,13610,0,100
2026-05-18,출하검사,P-3032,INJ-224,V6,블랙,E사,D0088,100,2026-05-14,2026-05-20,2026-05-19,2026-05-20,0.1,1,100,12,여유,,6,6,빠듯,17217,0,100
2026-05-18,출하검사,P-3008,INJ-214,V5,화이트,E사,D0020,100,2026-05-09,2026-05-21,2026-05-20,2026-05-21,0.1,2,100,30,여유,,6,12,여유,12698,0,100
2026-05-18,출하검사,P-3008,INJ-214,V5,화이트,E사,D0022,100,2026-05-05,2026-05-21,2026-05-20,2026-05-21,0.1,2,100,30,여유,,6,16,여유,12698,0,100
2026-05-18,출하검사,P-3019,INJ-215,V1,화이트,A사,D0052,100,2026-05-13,2026-05-21,2026-05-20,2026-05-21,,2,100,34,여유,,6,8,빠듯,13253,0,100
2026-05-18,출하검사,P-3022,INJ-219,V5,블루,A사,D0061,100,2026-05-06,2026-05-21,2026-05-20,2026-05-21,,2,100,14,여유,,6,15,여유,13259,0,100
2026-05-18,출하검사,P-3003,INJ-204,V5,실버,E사,D0006,100,2026-05-16,2026-05-22,2026-05-21,2026-05-22,0.1,3,100,38,여유,,6,6,빠듯,11304,0,100
2026-05-18,출하검사,P-3025,INJ-222,V5,실버,E사,D0067,100,2026-05-13,2026-05-22,2026-05-21,2026-05-22,0.1,3,100,0,여유,,7,9,빠듯,15955,0,100
2026-05-18,출하검사,P-3026,INJ-205,V1,실버,A사,D0070,100,2026-05-16,2026-05-22,2026-05-21,2026-05-22,,3,100,9,여유,,7,6,납기 부족(불가),13668,0,100
2026-05-18,출하검사,P-3026,INJ-205,V1,실버,A사,D0072,100,2026-05-09,2026-05-22,2026-05-21,2026-05-22,,3,100,9,여유,,7,13,여유,13668,0,100
2026-05-18,출하검사,P-3014,INJ-217,V2,실버,E사,D0036,100,2026-05-21,2026-05-25,2026-05-24,2026-05-25,,6,100,46,여유,,6,4,납기 부족(불가),13197,0,100
2026-05-18,출하검사,P-3028,INJ-202,V1,블루,E사,D0078,100,2026-05-08,2026-05-25,2026-05-24,2026-05-25,,6,100,13,여유,,6,17,여유,13710,0,100
2026-05-18,출하검사,P-3029,INJ-205,V1,실버,A사,D0079,100,2026-05-13,2026-05-25,2026-05-24,2026-05-25,0.1,6,100,4,여유,,6,12,여유,17117,0,100
2026-05-18,출하검사,P-3001,INJ-208,V6,실버,A사,D0002,179,2026-05-15,2026-05-26,2026-05-25,2026-05-26,0.2,7,179,95,여유,,6,11,여유,12187,0,179
2026-05-18,출하검사,P-3005,INJ-206,V2,화이트,B사,D0013,100,2026-05-09,2026-05-26,2026-05-25,2026-05-26,0.1,7,100,90,여유,,6,17,여유,16986,0,100
2026-05-18,출하검사,P-3007,INJ-213,V1,블루,A사,D0018,100,2026-05-11,2026-05-26,2026-05-25,2026-05-26,,7,100,50,여유,,6,15,여유,13700,0,100
2026-05-18,출하검사,P-3020,INJ-210,V3,블루,B사,D0054,100,2026-05-11,2026-05-26,2026-05-25,2026-05-26,0.1,7,100,28,여유,,6,15,여유,13982,0,100
2026-05-18,출하검사,P-3021,INJ-205,V2,블랙,D사,D0059,100,2026-05-14,2026-05-26,2026-05-25,2026-05-26,0.1,7,100,19,여유,,6,12,여유,13158,0,100
2026-05-18,출하검사,P-3006,INJ-212,V4,블랙,E사,D0014,100,2026-05-16,2026-05-27,2026-05-26,2026-05-27,0.1,8,100,0,여유,,6,11,여유,12150,0,100
2026-05-18,출하검사,P-3014,INJ-217,V2,실버,E사,D0035,100,2026-05-21,2026-05-27,2026-05-26,2026-05-27,,8,100,46,여유,,6,6,빠듯,13197,0,100
2026-05-18,출하검사,P-3018,INJ-208,V4,화이트,C사,D0049,100,2026-05-11,2026-05-27,2026-05-26,2026-05-27,0.1,8,100,0,여유,,6,16,여유,15071,0,100
2026-05-18,출하검사,P-3028,INJ-202,V1,블루,E사,D0077,100,2026-05-12,2026-05-27,2026-05-26,2026-05-27,,8,100,13,여유,,6,15,여유,13710,0,100
2026-05-18,출하검사,P-3030,INJ-202,V5,화이트,C사,D0084,100,2026-05-17,2026-05-27,2026-05-26,2026-05-27,,8,100,15,여유,,6,10,여유,15378,0,100
2026-05-18,출하검사,P-3032,INJ-224,V6,블랙,E사,D0089,100,2026-05-10,2026-05-27,2026-05-26,2026-05-27,0.1,8,100,12,여유,,6,17,여유,17217,0,100
2026-05-18,출하검사,P-3004,INJ-220,V6,블루,A사,D0009,111,2026-05-18,2026-05-28,2026-05-27,2026-05-28,0.1,9,111,82,여유,,6,10,여유,12536,0,111
2026-05-18,출하검사,P-3028,INJ-202,V1,블루,E사,D0075,100,2026-05-14,2026-05-29,2026-05-28,2026-05-29,,10,100,13,여유,,6,15,여유,13710,0,100
2026-05-18,출하검사,P-3002,INJ-201,V5,화이트,E사,D0004,129,2026-05-27,2026-06-01,2026-05-31,2026-06-01,0.2,13,129,12,여유,,6,5,납기 부족(불가),13160,0,129
2026-05-18,출하검사,P-3032,INJ-224,V6,블랙,E사,D0090,100,2026-05-24,2026-06-01,2026-05-31,2026-06-01,0.1,13,100,12,여유,,6,8,빠듯,17217,0,100
2026-05-18,출하검사,P-3001,INJ-208,V6,실버,A사,D0001,174,2026-05-16,2026-06-02,2026-06-01,2026-06-02,0.2,14,174,95,여유,,6,17,여유,12187,0,174
2026-05-18,출하검사,P-3018,INJ-208,V4,화이트,C사,D0047,100,2026-05-18,2026-06-02,2026-06-01,2026-06-02,0.1,14,100,0,여유,,6,15,여유,15071,0,100
2026-05-18,출하검사,P-3020,INJ-210,V3,블루,B사,D0056,100,2026-05-16,2026-06-02,2026-06-01,2026-06-02,0.1,14,100,28,여유,,6,17,여유,13982,0,100
2026-05-18,출하검사,P-3026,INJ-205,V1,실버,A사,D0069,100,2026-05-20,2026-06-02,2026-06-01,2026-06-02,,14,100,9,여유,,7,13,여유,13668,0,100
2026-05-18,출하검사,P-3030,INJ-202,V5,화이트,C사,D0083,100,2026-05-27,2026-06-02,2026-06-01,2026-06-02,,14,100,15,여유,,6,6,빠듯,15378,0,100
2026-05-18,출하검사,P-3034,INJ-203,V4,실버,A사,D0094,100,2026-05-26,2026-06-02,2026-06-01,2026-06-02,0.1,14,100,13,여유,,6,7,빠듯,13056,0,100
2026-05-18,출하검사,P-3007,INJ-213,V1,블루,A사,D0016,100,2026-05-17,2026-06-03,2026-06-02,2026-06-03,,15,100,50,여유,,6,17,여유,13700,0,100
2026-05-18,출하검사,P-3012,INJ-223,V1,레드,A사,D0032,100,2026-05-18,2026-06-03,2026-06-02,2026-06-03,0.1,15,100,33,여유,,6,16,여유,15225,0,100
2026-05-18,출하검사,P-3029,INJ-205,V1,실버,A사,D0080,100,2026-05-26,2026-06-03,2026-06-02,2026-06-03,0.1,15,100,4,여유,,6,8,빠듯,17117,0,100
2026-05-18,출하검사,P-3031,INJ-217,V6,화이트,E사,D0086,100,2026-05-28,2026-06-03,2026-06-02,2026-06-03,0.1,15,100,7,여유,,6,6,빠듯,13088,0,100
2026-05-18,출하검사,P-3006,INJ-212,V4,블랙,E사,D0015,100,2026-05-18,2026-06-04,2026-06-03,2026-06-04,0.1,16,100,0,여유,,6,17,여유,12150,0,100
2026-05-18,출하검사,P-3024,INJ-220,V4,화이트,E사,D0065,100,2026-05-20,2026-06-04,2026-06-03,2026-06-04,0.1,16,100,6,여유,,6,15,여유,13856,0,100
2026-05-18,출하검사,P-3035,INJ-205,V1,화이트,C사,D0097,100,2026-05-29,2026-06-04,2026-06-03,2026-06-04,0.1,16,100,5,여유,,6,6,빠듯,13737,0,100
2026-05-18,출하검사,P-3016,INJ-209,V2,실버,E사,D0041,100,2026-05-30,2026-06-05,2026-06-04,2026-06-05,,17,100,45,여유,,6,6,빠듯,13378,0,100
2026-05-18,출하검사,P-3022,INJ-219,V5,블루,A사,D0060,100,2026-06-04,2026-06-08,2026-06-07,2026-06-08,,20,100,14,여유,,6,4,납기 부족(불가),13259,0,100
2026-05-18,출하검사,P-3026,INJ-205,V1,실버,A사,D0071,100,2026-05-23,2026-06-08,2026-06-07,2026-06-08,,20,100,9,여유,,7,16,여유,13668,0,100
2026-05-18,출하검사,P-3012,INJ-223,V1,레드,A사,D0029,100,2026-06-04,2026-06-09,2026-06-08,2026-06-09,0.1,21,100,33,여유,,6,5,납기 부족(불가),15225,0,100
2026-05-18,출하검사,P-3012,INJ-223,V1,레드,A사,D0031,100,2026-05-25,2026-06-09,2026-06-08,2026-06-09,0.1,21,100,33,여유,,6,15,여유,15225,0,100
2026-05-18,출하검사,P-3021,INJ-205,V2,블랙,D사,D0057,100,2026-05-25,2026-06-09,2026-06-08,2026-06-09,0.1,21,100,19,여유,,6,15,여유,13158,0,100
2026-05-18,출하검사,P-3019,INJ-215,V1,화이트,A사,D0050,100,2026-05-25,2026-06-10,2026-06-09,2026-06-10,,22,100,34,여유,,6,16,여유,13253,0,100
2026-05-18,출하검사,P-3023,INJ-214,V1,화이트,E사,D0062,100,2026-06-04,2026-06-10,2026-06-09,2026-06-10,0.1,22,100,12,여유,,7,6,납기 부족(불가),14050,0,100
2026-05-18,출하검사,P-3031,INJ-217,V6,화이트,E사,D0085,100,2026-06-04,2026-06-10,2026-06-09,2026-06-10,0.1,22,100,7,여유,,6,6,빠듯,13088,0,100
2026-05-18,출하검사,P-3021,INJ-205,V2,블랙,D사,D0058,100,2026-06-08,2026-06-12,2026-06-11,2026-06-12,0.1,24,100,19,여유,,6,4,납기 부족(불가),13158,0,100
2026-05-18,출하검사,P-3003,INJ-204,V5,실버,E사,D0008,100,2026-05-31,2026-06-15,2026-06-14,2026-06-15,0.1,27,100,38,여유,,6,15,여유,11304,0,100
2026-05-18,출하검사,P-3035,INJ-205,V1,화이트,C사,D0098,100,2026-06-04,2026-06-15,2026-06-14,2026-06-15,0.1,27,100,5,여유,,6,11,여유,13737,0,100
2026-05-18,출하검사,P-3003,INJ-204,V5,실버,E사,D0007,100,2026-06-07,2026-06-16,2026-06-15,2026-06-16,0.1,28,100,38,여유,,6,9,여유,11304,0,100
2026-05-18,출하검사,P-3004,INJ-220,V6,블루,A사,D0010,106,2026-06-09,2026-06-16,2026-06-15,2026-06-16,0.1,28,106,82,여유,,6,7,빠듯,12536,0,106
2026-05-18,출하검사,P-3025,INJ-222,V5,실버,E사,D0068,100,2026-06-04,2026-06-16,2026-06-15,2026-06-16,0.1,28,100,0,여유,,7,12,여유,15955,0,100
2026-05-18,출하검사,P-3033,INJ-206,V5,블랙,A사,D0092,100,2026-06-09,2026-06-16,2026-06-15,2026-06-16,,28,100,2,여유,,6,7,빠듯,13742,0,100
2026-05-18,출하검사,P-3007,INJ-213,V1,블루,A사,D0019,100,2026-05-31,2026-06-17,2026-06-16,2026-06-17,,29,100,50,여유,,6,17,여유,13700,0,100
2026-05-18,출하검사,P-3029,INJ-205,V1,실버,A사,D0082,100,2026-06-01,2026-06-17,2026-06-16,2026-06-17,0.1,29,100,4,여유,,6,16,여유,17117,0,100
2026-05-18,출하검사,P-3010,INJ-222,V5,화이트,E사,D0025,100,2026-06-05,2026-06-18,2026-06-17,2026-06-18,0.1,30,100,19,여유,,6,13,여유,15187,0,100
2026-05-18,출하검사,P-3015,INJ-220,V3,화이트,B사,D0038,100,2026-06-01,2026-06-18,2026-06-17,2026-06-18,0.1,30,100,48,여유,,7,17,여유,15411,0,100
2026-05-18,출하검사,P-3013,INJ-214,V5,블랙,E사,D0034,100,2026-06-11,2026-06-19,2026-06-18,2026-06-19,,31,100,45,여유,,6,8,빠듯,13058,0,100
2026-05-18,출하검사,P-3002,INJ-201,V5,화이트,E사,D0005,135,2026-06-17,2026-06-22,2026-06-21,2026-06-22,0.2,34,135,12,여유,,6,5,납기 부족(불가),13160,0,135
2026-05-18,출하검사,P-3005,INJ-206,V2,화이트,B사,D0011,100,2026-06-10,2026-06-22,2026-06-21,2026-06-22,0.1,34,100,90,여유,,6,12,여유,16986,0,100
2026-05-18,출하검사,P-3008,INJ-214,V5,화이트,E사,D0021,100,2026-06-11,2026-06-22,2026-06-21,2026-06-22,0.1,34,100,30,여유,,6,11,여유,12698,0,100
2026-05-18,출하검사,P-3016,INJ-209,V2,실버,E사,D0040,100,2026-06-06,2026-06-22,2026-06-21,2026-06-22,,34,100,45,여유,,6,16,여유,13378,0,100
2026-05-18,출하검사,P-3016,INJ-209,V2,실버,E사,D0043,100,2026-06-12,2026-06-22,2026-06-21,2026-06-22,,34,100,45,여유,,6,10,여유,13378,0,100
2026-05-18,출하검사,P-3028,INJ-202,V1,블루,E사,D0076,100,2026-06-10,2026-06-22,2026-06-21,2026-06-22,,34,100,13,여유,,6,12,여유,13710,0,100
2026-05-18,출하검사,P-3015,INJ-220,V3,화이트,B사,D0037,100,2026-06-06,2026-06-23,2026-06-22,2026-06-23,0.1,35,100,48,여유,,7,17,여유,15411,0,100
2026-05-18,출하검사,P-3027,INJ-206,V6,블루,A사,D0073,100,2026-06-08,2026-06-23,2026-06-22,2026-06-23,,35,100,18,여유,,6,15,여유,12576,0,100
2026-05-18,출하검사,P-3027,INJ-206,V6,블루,A사,D0074,100,2026-06-10,2026-06-23,2026-06-22,2026-06-23,,35,100,18,여유,,6,13,여유,12576,0,100
2026-05-18,출하검사,P-3016,INJ-209,V2,실버,E사,D0042,100,2026-06-20,2026-06-24,2026-06-23,2026-06-24,,36,100,45,여유,,6,4,납기 부족(불가),13378,0,100
2026-05-18,출하검사,P-3023,INJ-214,V1,화이트,E사,D0063,100,2026-06-15,2026-06-24,2026-06-23,2026-06-24,0.1,36,100,12,여유,,7,9,빠듯,14050,0,100
2026-05-18,출하검사,P-3034,INJ-203,V4,실버,A사,D0093,100,2026-06-13,2026-06-24,2026-06-23,2026-06-24,0.1,36,100,13,여유,,6,11,여유,13056,0,100
2026-05-18,출하검사,P-3007,INJ-213,V1,블루,A사,D0017,100,2026-06-12,2026-06-25,2026-06-24,2026-06-25,,37,100,50,여유,,6,13,여유,13700,0,100
2026-05-18,출하검사,P-3009,INJ-217,V2,레드,A사,D0024,100,2026-06-08,2026-06-25,2026-06-24,2026-06-25,0.1,37,100,4,여유,,6,17,여유,14020,0,100
2026-05-18,출하검사,P-3010,INJ-222,V5,화이트,E사,D0026,100,2026-06-09,2026-06-25,2026-06-24,2026-06-25,0.1,37,100,19,여유,,6,16,여유,15187,0,100
2026-05-18,출하검사,P-3020,INJ-210,V3,블루,B사,D0053,100,2026-06-08,2026-06-25,2026-06-24,2026-06-25,0.1,37,100,28,여유,,6,17,여유,13982,0,100
2026-05-18,출하검사,P-3020,INJ-210,V3,블루,B사,D0055,100,2026-06-13,2026-06-25,2026-06-24,2026-06-25,0.1,37,100,28,여유,,6,12,여유,13982,0,100
2026-05-18,출하검사,P-3005,INJ-206,V2,화이트,B사,D0012,100,2026-06-21,2026-06-26,2026-06-25,2026-06-26,0.1,38,100,90,여유,,6,5,납기 부족(불가),16986,0,100
2026-05-18,출하검사,P-3035,INJ-205,V1,화이트,C사,D0095,100,2026-06-16,2026-06-26,2026-06-25,2026-06-26,0.1,38,100,5,여유,,6,10,여유,13737,0,100
2026-05-18,출하검사,P-3011,INJ-201,V1,레드,C사,D0028,100,2026-06-17,2026-06-29,2026-06-28,2026-06-29,0.1,41,100,0,여유,,7,12,여유,12525,0,100
2026-05-18,출하검사,P-3017,INJ-212,V1,화이트,B사,D0044,100,2026-06-13,2026-06-29,2026-06-28,2026-06-29,,41,100,0,여유,,6,16,여유,13610,0,100
2026-05-18,출하검사,P-3024,INJ-220,V4,화이트,E사,D0064,100,2026-06-13,2026-06-29,2026-06-28,2026-06-29,0.1,41,100,6,여유,,6,16,여유,13856,0,100
2026-05-18,출하검사,P-3029,INJ-205,V1,실버,A사,D0081,100,2026-06-24,2026-06-29,2026-06-28,2026-06-29,0.1,41,100,4,여유,,6,5,납기 부족(불가),17117,0,100
2026-05-18,출하검사,P-3001,INJ-208,V6,실버,A사,D0003,178,2026-06-20,2026-06-30,2026-06-29,2026-06-30,0.2,42,178,95,여유,,6,10,여유,12187,0,178
2026-05-18,출하검사,P-3009,INJ-217,V2,레드,A사,D0023,100,2026-06-23,2026-06-30,2026-06-29,2026-06-30,0.1,42,100,4,여유,,6,7,빠듯,14020,0,100
2026-05-18,출하검사,P-3033,INJ-206,V5,블랙,A사,D0091,100,2026-06-16,2026-06-30,2026-06-29,2026-06-30,,42,100,2,여유,,6,14,여유,13742,0,100
2026-05-18,출하검사,P-3035,INJ-205,V1,화이트,C사,D0096,100,2026-06-25,2026-06-30,2026-06-29,2026-06-30,0.1,42,100,5,여유,,6,5,납기 부족(불가),13737,0,100
